User,PageRank
1911,38.040493046450194
3434,37.88984727977698
2655,36.59554016229327
1902,36.27407460611971
1888,27.816991285356885
2649,25.334398513533316
1907,20.793920889717228
3971,20.469404812781292
2654,19.89666478225521
1910,16.963233393886625
1894,16.05223604167012
3430,15.071108397761021
1898,15.052117081420219
1882,14.819441627994774
3426,14.649636146640828
2660,14.544205622861409
2642,12.442847920597902
3422,11.916301935230177
332,11.915224091847211
1891,11.816699970518517
2653,11.203536105342993
3968,11.112394884569158
1906,10.686447859230825
1897,10.66915655425069
1879,10.53695940534421
2638,10.297967647948852
2643,10.147967996450772
2659,9.944229853823115
853,9.941718259814479
1893,9.890898491664803
1844,9.570898269556967
2646,9.551305794907513
2629,9.186011144824551
3433,9.061206795778478
3406,8.907281055209168
3397,8.898836650643714
1903,8.883140463602771
2630,8.856454703748797
3419,8.648410892911581
2631,8.40307013129829
1864,8.295947722536427
3948,8.042115321556864
2617,8.002439327253981
3435,7.995004286079657
563,7.926309265081652
2625,7.688694463769502
2644,7.526205113619843
3420,7.384617619362086
3403,7.304585012744893
3967,7.179558074643926
2624,7.013722089451408
3417,6.7815769129683705
1899,6.6595807989430975
2598,6.650361903130584
3387,6.636884387571115
329,6.571341603189964
3412,6.547636367638412
3363,6.535180628889251
1871,6.496730600386169
3394,6.4539924717183235
3938,6.269225084056207
1866,6.2547616207079395
322,6.214389150204681
2611,6.211327454959217
1845,6.147624174965193
570,6.101396646540291
1839,6.086139177100348
1876,6.08343710389815
1835,6.061853420416873
3945,6.059907159269653
342,6.000475382631261
339,5.991721917347838
3360,5.984183745978756
3416,5.967285172509824
3972,5.935410185542342
1827,5.902046935441443
3411,5.88874418063278
3385,5.815403924638898
2628,5.8027574783635005
3962,5.698987573456435
1895,5.593152014253575
3396,5.577853087732563
1886,5.53945820144011
1833,5.465030187786295
3966,5.406752263191998
1828,5.266630706154653
2619,5.258277287784267
681,5.225121535577636
2616,5.216249915071099
346,5.200360130988959
1867,5.187524419458711
2615,5.164926593787893
3366,5.151890538746788
2587,5.149584614316718
3947,5.11375526087829
2610,5.1010323756789875
1800,5.061995583673992
3369,5.034797826717375
343,4.990937714985706
1885,4.973031911526973
1862,4.86345130858921
1881,4.842328328921394
2652,4.839491137269355
3830,4.8333197597145325
1878,4.825615621482348
2657,4.819647212414205
3975,4.644203091002332
1842,4.612414498283338
557,4.609299719263055
3415,4.6067911403726365
1849,4.5977999098033635
3969,4.54789429323587
1872,4.544210499132965
889,4.492763219614021
1831,4.483956887216416
1868,4.442960849396954
3976,4.425392640259807
3921,4.378557770524452
3956,4.374847944184999
2607,4.372341825933655
3324,4.349562368752445
3951,4.340279493928287
1861,4.330049376822359
3362,4.321537152261884
1783,4.30534157135736
848,4.241249163380252
1807,4.2381866196669895
4030,4.146779594546275
3917,4.142937910263292
323,4.142157305545135
683,4.139162296149518
3395,4.121716594027841
2602,4.098804040249564
315,4.09469250487789
856,4.030474238487725
3386,4.027512072459495
2608,4.024506226120882
2623,4.021805860593531
2650,4.014972105522712
2543,4.008627427614134
3979,3.963072276015123
3421,3.9514538977236406
3918,3.826852949419882
2658,3.7728549595253984
1804,3.7721523334702614
2604,3.7259541447928677
3423,3.694965387578621
651,3.6881672678288973
340,3.6770283906003827
561,3.6744241069450148
1823,3.6053906602385895
2612,3.584652977303986
2570,3.5812941582773714
685,3.560339433141986
1877,3.557296698556846
341,3.554831939447798
1863,3.5293072723083174
3964,3.5224586293215907
680,3.519549447942564
2648,3.4809968792377286
3930,3.4525694196283134
2601,3.4462821266753587
840,3.4418684238603006
1904,3.426876759507481
682,3.422094177763633
842,3.41955874997875
3348,3.4075230318650447
3927,3.4037107785483136
1813,3.383495999054271
2645,3.3745203642418433
324,3.3657423151514076
828,3.3625536081355367
2597,3.342686032468118
3355,3.3054938598395758
1785,3.2878005267392343
347,3.280568212721608
1848,3.260344165920822
3350,3.2602468916533414
3351,3.2547070498874615
1880,3.2525387966471744
1909,3.2514564713817697
2600,3.2419957803048667
1857,3.2229634931480224
3391,3.2106202370352075
4038,3.207028256455418
3232,3.206584652634815
2647,3.1846981340941594
3381,3.1803522393391646
1825,3.170148560024447
3339,3.1660822264630695
3924,3.1549542605548084
2592,3.1520973059043427
849,3.147915949055663
1703,3.1352890085412346
3353,3.12927104613443
2637,3.117396838806895
675,3.111618105804592
3390,3.0788332959015365
3342,3.075588767579771
2590,3.068696467704232
3365,3.0679058271237816
1768,3.05768578999558
1799,3.0415593993480456
3405,3.0412142052107107
1837,3.0354232933887344
2593,3.0339526737817564
2594,3.0296728891673643
1847,3.013865338768295
684,3.0094653372543574
1794,2.9970092486000066
3399,2.991633128424595
3409,2.9837593364482498
3263,2.9808214894173406
3400,2.9797918021010323
555,2.9738301461113394
1826,2.9699530684710633
3431,2.9684188952032953
1778,2.9656235482904334
833,2.9631664887622233
3919,2.9481522823305926
671,2.9457376326642013
554,2.9385638079867187
1770,2.9274436178147965
3960,2.920717911227978
3943,2.9106917378641595
3957,2.8984212849925726
3320,2.8949470613867874
1816,2.8763995574837793
320,2.8702409302655485
2618,2.8599127398919957
1730,2.85360904717369
2567,2.8531255904335198
3931,2.824972991853512
834,2.810686125679795
559,2.787213106421692
2577,2.7813519881383337
3327,2.776601491779591
1766,2.759713697408222
1786,2.7385858948958264
2558,2.7281598977888
1901,2.717042081648807
1853,2.7040525641604285
3950,2.696917634667504
2555,2.6950876063270313
1851,2.6866616733764106
566,2.6647964032187628
2603,2.663591176432243
2488,2.6628483004176946
3302,2.6335851246997684
312,2.633096671766784
345,2.6293555817741816
2586,2.623114564805385
1824,2.6096506043343304
567,2.6068797272595448
3384,2.6021924699138146
1808,2.595981516679401
1746,2.5913668392675615
334,2.576295849795385
1725,2.574898313688987
3902,2.568389790379994
3926,2.5665795876111113
830,2.563308215550911
1818,2.562220240312282
3851,2.561002134361023
827,2.5588313303264782
1883,2.5551004995497655
3378,2.5380271659328746
1709,2.5367804149546695
3906,2.529080104258166
2582,2.527205750154266
2560,2.525235860119968
3344,2.5121394608824628
1841,2.5082577997222044
1820,2.5054700165823167
325,2.497450491631692
3291,2.4793747664307886
1819,2.4739052544129536
3907,2.4578423053573104
1767,2.45250339972888
572,2.4494503508275227
3335,2.4478289912481164
3345,2.4453152090159667
1791,2.423382725946201
839,2.4204839088074848
2640,2.4183718247533053
847,2.413756849517751
1692,2.405728106973403
2609,2.404898052512438
3958,2.403195333276487
3347,2.398842525913429
2641,2.3979634942277155
1761,2.385301824258599
564,2.3838317558234308
326,2.380588593876078
1574,2.3749374745299625
2534,2.3646492700962525
829,2.35886494978992
553,2.3484036275763436
304,2.343415173783048
2588,2.3381527263885578
3923,2.3318858376027443
669,2.3315489776746454
3427,2.321446138463422
3949,2.3198764234627203
1699,2.3122943313701145
1810,2.3029532563502495
3963,2.293208418174167
1892,2.2896991748852975
3280,2.2893811248800193
3973,2.2837849293495514
2511,2.2823093700018675
532,2.2736231717580946
1773,2.2670659277501457
3850,2.2584113162842177
3941,2.2515816240853876
1801,2.2507943766340075
1806,2.2504286441666705
328,2.2472588879663924
556,2.2434150362175758
271,2.237767837830406
670,2.2349478821589788
604,2.2336106540671854
1740,2.219089015645824
2564,2.2143235115206408
3934,2.20582274086371
645,2.1993707683234915
4031,2.187618031688561
285,2.1873078737326788
2509,2.1870712427823107
3321,2.1795949191536197
3379,2.1696889104895285
1687,2.1683433065760034
1729,2.167903245863633
678,2.1610523097878467
887,2.1584603422876962
1803,2.1544684194595787
3330,2.1403799420751946
264,2.1394547219518705
2535,2.137827557525172
2537,2.1362108733764376
1793,2.1231269267032093
1859,2.118539887772181
2578,2.117840045797491
1809,2.117532959453306
3284,2.0869706854671746
3300,2.0803361625555716
3382,2.0731818288635746
3867,2.0652684910958534
2622,2.0633519524927366
3295,2.0558091044885383
3414,2.0537367694264725
3961,2.042505286696133
3877,2.0267952782127128
3393,2.022852486920469
3392,2.0123993295457065
2589,2.009636088525697
1744,2.00811966364717
3372,2.0029053443539957
1840,1.9930518180746677
3354,1.9922123109157222
544,1.9895359635938599
1788,1.9893194363852016
1536,1.9780371283608305
3293,1.9680422557868882
277,1.9678242243133244
1673,1.9662418123799534
2542,1.9648647939172437
291,1.9644877937349885
3226,1.9596724905608134
2526,1.9586637902294641
1716,1.9581250948485778
280,1.9573319819791601
1852,1.9487803135763273
1763,1.9480024071439248
3825,1.9437996141417937
560,1.9369227009813037
548,1.935925325455198
337,1.9346972582608999
2656,1.9265724956349857
2561,1.925518388174957
666,1.9242627192189417
1707,1.9232746696382899
3933,1.9182043053533169
3336,1.9180215698444483
2510,1.9098647626177154
1787,1.9086125421645146
1905,1.9069315354189251
838,1.8948989128761238
1889,1.887016351558496
1756,1.8866796966532717
1742,1.8857464541362978
3912,1.883404716550475
2566,1.8732525020346167
3346,1.8721441569582908
2606,1.8689944165145085
3332,1.8686753133829046
327,1.8642960598560587
565,1.8640162127042434
2512,1.8604852547166197
1757,1.8584285341888223
1663,1.856890105268911
2639,1.8566872827065524
2412,1.8544900668642992
850,1.849365490986509
259,1.8451899208009352
1875,1.8441058274758317
3331,1.8437331472372265
1630,1.8378436783907832
591,1.8344892060988511
1850,1.8326808862731896
3343,1.826322837750598
3368,1.8234024864469434
1870,1.8168343669911633
1900,1.8112323668632482
545,1.8100524941412968
1798,1.8059437965357148
313,1.8050899328330154
2579,1.8042992282145738
1591,1.7922875325448244
3860,1.7906383894606317
1752,1.7844780954381956
822,1.780927873057611
2575,1.7794144780243724
1717,1.7772928117714062
330,1.7749369560136719
3838,1.7698273169205982
3884,1.7685136294660402
1736,1.756767372462846
1714,1.7529542030955365
2553,1.7414948156855754
3233,1.741241748303409
1843,1.741048945553024
3898,1.7325408833842435
1908,1.7307359405511986
3274,1.730243697839515
1884,1.7298224742418027
3361,1.722716324948886
1720,1.7217351476260976
606,1.7215514393816993
2591,1.71665570737611
637,1.713899034330849
2614,1.7100773295036396
1789,1.7050675381414813
3195,1.7037942422121612
2573,1.701454178389977
3383,1.6921809912091463
296,1.6909523979272554
2448,1.6893904909921538
278,1.679823057563094
239,1.6759037543352526
580,1.6731671393038998
3364,1.6633409698608723
3756,1.6562071218233738
1472,1.6554812589855783
3325,1.6538874681972313
3829,1.6532567293307123
2523,1.651903173719801
3256,1.650245317182567
3299,1.6494437303244678
538,1.6481720020311206
3341,1.6477756069972729
1795,1.6468129125830835
1750,1.6409682489173394
1873,1.6399986389464387
2411,1.633249370028591
3297,1.6302430838357151
1621,1.6283581849435056
272,1.6274714969817525
824,1.6222445872352083
3214,1.6218495923936438
3900,1.6212991339067213
1741,1.6205561521925802
2632,1.6193435204920066
542,1.6136037761784796
885,1.6111713417751035
3374,1.6097799769033945
568,1.607212905484086
1715,1.6050573253748444
319,1.6037637841451264
551,1.60183942121748
3303,1.5944617179909077
1858,1.583214106753001
1628,1.581494415379057
252,1.57818968414366
1860,1.5778303663234081
1686,1.5732348365106812
331,1.567103407035111
4026,1.5620819746754244
2507,1.5609521296155353
1727,1.5583815008062278
893,1.5565128900700878
2313,1.5557742557677643
3881,1.5554063680647414
2540,1.55526775949877
3278,1.554021916283582
3287,1.5531521942005677
539,1.5525066161467431
676,1.5509373764703542
1812,1.5504977732386869
3894,1.5492749688244458
2581,1.548001944304243
2491,1.5478490936643106
823,1.5472665915926245
1569,1.543731464238486
2551,1.5414088249249778
3873,1.5400041934026323
531,1.5395114792640407
844,1.5351570267728478
2538,1.533783732777134
2516,1.528427108918376
1705,1.5274684933086757
2497,1.5226718094034688
1790,1.5213599411021415
3174,1.5183227074274355
1636,1.5167266857429347
3404,1.514985875375489
2559,1.5139723133707559
1811,1.5097923289331676
2498,1.5084879115884184
1616,1.5083318757303374
4023,1.5075360901430432
1645,1.5062058736268278
2574,1.501811897311535
3886,1.4992450492710327
665,1.4982330827550987
654,1.4956320390728728
3913,1.4944340268724592
2471,1.4933846270044595
547,1.4907882893874607
3147,1.4872588104956508
2620,1.4851092981120435
3318,1.4813316940629906
1661,1.4786283288428614
2550,1.477093045348616
888,1.4750998389769963
1634,1.4734042111625878
2557,1.4727327730183561
837,1.4717799786495351
3861,1.470426547823777
302,1.467894741109142
1675,1.4597087065191685
2508,1.4582200914621006
3090,1.4578517932517663
1505,1.4566572656895267
817,1.45516098812724
818,1.4538612523841248
3911,1.4537172538647927
806,1.4485055059083962
3903,1.4470709250692977
3377,1.4434998343883385
1688,1.442146315773
2533,1.4414827872035334
1695,1.4359451077145293
3315,1.4354809647033435
3257,1.4335346780345426
886,1.433480595026862
2384,1.430268145647751
3841,1.4283705825334139
3119,1.42731173920069
646,1.425799877713375
1471,1.4222028565132951
3824,1.416450122983793
1796,1.4155611312814573
895,1.413288357286047
2651,1.4125985511435124
3356,1.411250144594061
525,1.4105726783682486
2549,1.403917841049549
1691,1.4037120996503254
1829,1.4005823258247412
517,1.3919061548657974
3359,1.3911369614731177
2461,1.389596136384157
3301,1.3890402023442328
1724,1.3878559936187105
3398,1.3863728596772873
1613,1.3845969139729828
1694,1.3844540362114504
2633,1.3800611516130143
1584,1.3793211255822995
3842,1.3774220344631776
1869,1.3746964782300022
1738,1.3739245614500102
3800,1.3738805700615984
227,1.3687870470075698
2621,1.3662266064272213
3373,1.365282196218282
3804,1.3650244143003658
1683,1.3635457772016248
513,1.3626820861150646
501,1.3621585484259293
1743,1.3620711751299777
1830,1.3613473764066946
1679,1.3584719437515622
662,1.3579857833150344
3166,1.356860221420856
2501,1.3560420655282084
1620,1.35195258147955
3370,1.3499017290114623
2520,1.3476551549795057
1487,1.3463792545459639
1368,1.3439704146868148
3231,1.337886899433293
1733,1.335985090567215
3267,1.3356114238067147
2636,1.3351924564274071
2546,1.3348305647001266
2635,1.3311545075651023
1622,1.3301104784640172
3858,1.3258578655316966
845,1.324986820693501
2463,1.3213521304727776
2556,1.3159243122532303
3104,1.3132950382051103
809,1.312507589543452
3835,1.308381829422277
890,1.3056026141411783
3896,1.3032952190872211
1669,1.2987565896153381
2406,1.295900874724983
1610,1.2955293996978345
3891,1.29404146205593
3072,1.2899209456560075
1721,1.2893589674757968
3929,1.2880594414278501
3428,1.288025950364031
1719,1.2813942459466394
3201,1.2775692724399554
1549,1.2756940986372483
1846,1.2747776019375814
1660,1.2731460775543357
2503,1.2718580066553529
2434,1.2707020780020635
1689,1.2704916695075448
1677,1.269018176991999
3425,1.2680484184773928
3904,1.2674795661267888
805,1.265971744842731
3869,1.265685316514129
2518,1.2649388201039593
518,1.2638290990470233
524,1.26123878925368
3915,1.2611475452776522
2361,1.260304871867525
644,1.2586200795036973
3253,1.2556562266671465
2455,1.255454840314442
1611,1.254947189580411
2459,1.2548841756596483
1765,1.2537157323238282
3275,1.2525893663902194
2468,1.2509851785967605
2563,1.249268171411979
546,1.2461798625314005
820,1.2450104524185097
3277,1.2443063384590052
3258,1.2409359432247304
1573,1.2408678476093606
1583,1.2394902338598297
3298,1.2391810645936185
3220,1.2387906668617958
3154,1.238243097609619
2583,1.2363993785525085
3313,1.2344602591422917
309,1.2338149475893887
3198,1.2330279010838685
3870,1.2323493770438396
1338,1.2317640927840885
1680,1.2308168021233945
2451,1.229050750311218
614,1.2280954348575808
3078,1.2276450233793677
3337,1.227430181000547
3908,1.2258598921497903
3909,1.2247524124350317
2458,1.2246427020706725
1764,1.2238659547904436
3340,1.2225663396611464
1545,1.2224236154327237
3158,1.2211179164687982
1662,1.220302086737949
677,1.2201822992356797
1624,1.2180457788645664
2347,1.2180033711509122
2500,1.216515067128563
306,1.2147345340358875
3892,1.2139140294982276
297,1.212758121460116
3238,1.2124927835046264
3793,1.21121874138327
3149,1.21018639342927
1672,1.2087326928894162
1469,1.2078580787201587
3252,1.2076642411642582
3264,1.206413983392094
2289,1.2016669743702095
664,1.2003811157764803
1774,1.1994740054684794
3791,1.1986787272455628
1735,1.1979406719565893
3246,1.1968687048728022
3810,1.196026492068276
2419,1.1955769197521096
3797,1.1950132957683857
3168,1.1940575566823124
3868,1.191132667786625
1612,1.1906630680672283
3883,1.1891478622894593
1596,1.1885648632341428
310,1.1882511305213446
2478,1.1847767697553686
835,1.1833198947194732
1751,1.1814312231487367
2539,1.179658288626812
2341,1.1795439335495113
3954,1.1785241720904895
2634,1.177246360797726
1567,1.1770042778576397
3316,1.1768453274458268
3251,1.1723118629405107
2492,1.1717284395152572
819,1.1716294694398284
1589,1.1697423453943225
1706,1.1695272684206464
507,1.1671766959451073
1782,1.1635499579165867
1665,1.162031184800861
2626,1.1619996551289806
1504,1.1616252334415276
1525,1.1589955225465411
2552,1.157895277147475
3240,1.1577446521640966
2333,1.157635726188482
1667,1.1566200833823594
3357,1.156519584919188
2397,1.154591144431617
260,1.1520210995383342
1758,1.1511872091880315
1512,1.1511364295457227
3388,1.1505633818416687
878,1.1494296007715934
3862,1.1470569141966769
1749,1.1465731438271578
2371,1.1462044573431318
2475,1.1449347921343345
1781,1.1434260745443012
1737,1.1430995967982034
1836,1.1394353825691421
1748,1.1387834498963159
2482,1.1386199314794885
1753,1.135233438897179
2547,1.1343410005914343
3137,1.1335279179590791
527,1.1273382317574587
3322,1.126627353790857
3410,1.1235756717876133
2499,1.1227318827980093
3916,1.122270254359967
1358,1.1212803347250269
2541,1.1212742064127337
3162,1.1205236249727946
1668,1.120125052784696
2521,1.1196912651772355
1772,1.1143300075764873
497,1.1120021034526237
460,1.1109736855349546
253,1.1100355799189998
3234,1.109854591294605
261,1.109574902836902
679,1.109506110982712
634,1.1085261086273743
855,1.1079272547958088
2544,1.1074086043482922
1604,1.1064945697190731
1698,1.1064654225957875
661,1.105392075233337
2576,1.1043103062664017
1655,1.1039152305095201
3084,1.103232665582954
1890,1.1026798348677798
3108,1.1020297162349562
520,1.100974622805164
3101,1.0976549840160987
3255,1.093852051626576
2328,1.0901843726040945
2440,1.0888329476538559
3790,1.084457078382888
1745,1.083092140012283
2364,1.0810679509974663
1814,1.0789642979912186
4025,1.0773683270249954
3218,1.0768715850573847
3020,1.075304076610745
3272,1.0752450053369607
3843,1.0752243494304077
3273,1.0750806079414263
516,1.0742290963826417
2529,1.0740196144471996
1559,1.0735701801155288
3185,1.0726493038603997
3248,1.07210083623311
1366,1.0719572220945615
3184,1.0705368281660628
1822,1.0688111515714598
3155,1.0683407785638843
2464,1.067530431113422
653,1.0665331054494454
1357,1.0658813685272115
1784,1.0651398042181066
1712,1.0650524300058242
3402,1.0647135473158786
2519,1.0643482156444621
284,1.063383593359658
475,1.0608272041723514
3285,1.0596212001855343
2336,1.059614897400823
3866,1.0567697127137152
2447,1.0559857451634214
1647,1.055892684974119
3831,1.055745275599873
2438,1.0553810047942644
2428,1.0546231534763737
630,1.0538648699446413
1671,1.0531565256746782
1320,1.052932280930357
1593,1.0490268599987569
569,1.0478743077416017
3200,1.0465727082563465
3920,1.0464421829037562
303,1.045352354855816
3265,1.0452224367622591
1802,1.0451058098358734
1732,1.0443230726014465
1754,1.0428052156031025
1779,1.0417994413691523
314,1.0415918952652201
1590,1.0409146113831598
3117,1.0408340169116446
3269,1.040508130112195
1718,1.0374317997911975
2627,1.0366621389817599
3874,1.035201887500726
2504,1.03504479064927
3179,1.0332218501749553
3096,1.0324580583214178
3833,1.0305085678368129
308,1.0298672928056025
2410,1.028665502123852
1838,1.0283462625428963
3279,1.0278014411606604
3304,1.0272731951319096
3296,1.0271906764076062
1682,1.0269506864772315
2474,1.0265930558071439
3329,1.0256073394695435
1728,1.024595720391551
558,1.0233974772406373
1637,1.0227372486542055
2473,1.01805427141949
846,1.0179775541047766
882,1.0178257063080909
1537,1.0173033123721185
2531,1.0161957762520157
3358,1.0160351296050736
514,1.0150394182865647
498,1.0144454829240839
2437,1.0133366557086747
523,1.0133116176244257
3848,1.0126653415763531
1666,1.011626754364109
4021,1.0109094065138409
500,1.0094729645991045
3288,1.0075573462610248
2487,1.0055270139058639
1643,1.0054448918224996
813,1.0046276318357745
3937,1.0036564814556406
1708,1.003459304509847
266,1.0032199124287622
3237,1.0025936642648596
2372,1.0008189789189714
659,1.000584483163653
3734,0.9994088311938615
249,0.9991283662841642
1702,0.9989541645516145
2421,0.9986556401847234
3684,0.9979716759625568
3803,0.9974433939990615
200,0.996677835291005
2613,0.9949521974579847
2378,0.99468696433048
836,0.9935156627753086
1543,0.9928351438669505
2365,0.9902478733042075
299,0.9900795460939829
1603,0.9896614798216524
265,0.9892584521504452
2494,0.9875900964077531
3308,0.9868498094923829
1815,0.9852215666000903
1685,0.9845120716238909
2571,0.9837399395628399
230,0.983316041264208
2404,0.9828959493991661
3188,0.9828713910412071
1473,0.9828456541029816
2495,0.9826589586926721
876,0.9824184621979432
552,0.9816085992625402
3114,0.9810948379817672
1615,0.980537027858734
1541,0.9799632491581435
236,0.9798775413410657
3812,0.9781270585355244
2513,0.9760232105619706
2325,0.9719068390422549
1633,0.971825169852776
3758,0.9714573061366435
1502,0.9713578200222612
3737,0.9704547718405786
2562,0.9702856331789241
636,0.9689848663851538
3136,0.9688816353011226
2999,0.967899990883817
3261,0.9661029591497191
1459,0.9656975763646551
3098,0.9653529609965773
3932,0.9649614990292193
814,0.9644536774231612
3077,0.964157485747819
815,0.9608966117914228
3247,0.9596924927205277
515,0.9572536382866565
3389,0.9566683345653764
1482,0.95640720936021
3847,0.9561993860657739
3073,0.9550062333069215
543,0.9541151838464037
1896,0.9517081488726374
3940,0.9509158860974225
2456,0.9508923611260671
4017,0.9486737639812146
2335,0.947086286825209
3150,0.9467196692488575
2585,0.9442186271005296
3740,0.9440143120403826
3728,0.943064395405274
2979,0.941283582443002
3782,0.9393090808089672
537,0.9389757929149573
1496,0.9382768898683286
3821,0.9374920476474693
3054,0.937384858859503
1551,0.9371852351281097
2283,0.937097957636226
770,0.9369407155411339
281,0.9364060379801923
217,0.9341184167761819
219,0.933560209601161
3250,0.932383007915085
2405,0.9313356634807235
1608,0.929956643281776
1431,0.9298383515155932
3212,0.9292046296421189
188,0.9276254767212875
3207,0.9267721951358502
3863,0.9264289587446992
3152,0.9261514369769857
2446,0.925786552952088
2351,0.9241146709004406
3827,0.9237574280933639
1704,0.9231817577015532
275,0.9205627744226675
2554,0.9203764260838744
1499,0.9189881506203166
3721,0.9188429245253472
2344,0.9166501123678666
1674,0.9152822690126129
1598,0.9152226988764145
2525,0.9152092006940438
3216,0.9151182694234833
1619,0.914326848671652
263,0.9140344466981769
503,0.9131954512939279
2460,0.9129597202370197
3837,0.9127893832559308
1554,0.9120887995232667
1617,0.9120822972161293
3380,0.9113992967417817
2479,0.9106737310466553
2515,0.9106000480016228
2506,0.9105250484664767
3026,0.9097388371078218
1565,0.9094110522037555
290,0.9083608236731927
3328,0.9076725458478264
1681,0.9073074994789863
3672,0.9070466859191558
205,0.9070043301733607
3182,0.9055257592182877
276,0.905037172507878
506,0.9049944824686926
1601,0.9048765727714322
3019,0.9048458504530407
1722,0.9045652070655916
3799,0.9041799238255638
3723,0.9030786161179218
3905,0.9024294495555888
1570,0.9019121042516449
1684,0.9017132516402784
3828,0.9016824018845406
3778,0.9007842996574739
2485,0.9005265475674172
3056,0.8998527173660618
2986,0.8997580476048141
2472,0.8982096486047266
881,0.8978474271369797
3698,0.8964752036986482
3135,0.8954253759623495
2394,0.8950748766252664
1642,0.8945773839394139
3424,0.8944926483400096
781,0.8944168374410142
3371,0.8942976716138543
3306,0.8932371255098672
795,0.8929133184460405
3142,0.8927859456234192
3204,0.8926692937442028
658,0.8922422595039827
2398,0.8913765474708877
3213,0.890954771284014
3970,0.890898953446451
784,0.8898888936827445
1548,0.8891585120671589
2302,0.8885562805020123
1515,0.8879670506219645
3840,0.8874759862574104
2480,0.8865735073921902
3177,0.8857957387390186
3836,0.8852646341342715
1374,0.8845004288234743
1650,0.884119120120424
1557,0.8840631634555224
225,0.8833288210998477
3752,0.8822437518933415
3822,0.8817232190167807
3809,0.8809703443597962
3229,0.880903189166356
169,0.8800007826631173
2345,0.8793494907120396
2436,0.8793089919931834
869,0.8791424520282329
1462,0.8790153393600469
1639,0.8785101326244835
3314,0.878233639347995
2423,0.8776285607445354
3228,0.8773613247955685
1529,0.8771785651648986
3116,0.8771265626803157
2595,0.8769191136227608
1507,0.8764422345834483
3747,0.8752278658931161
3876,0.8751664648227996
2417,0.874882093403321
1540,0.8734996610010819
3245,0.8734591131106975
307,0.8716422439644184
2425,0.870603449035839
2414,0.8698938508112264
2395,0.8698468061150704
3855,0.8667933545162163
3000,0.8667425614121896
1555,0.8659231305497227
3888,0.8635570507302732
3429,0.8626507985769282
2532,0.8626380287580556
2385,0.8626221561598103
1479,0.8625383990466894
1739,0.8621415960219732
3731,0.861689257308787
1747,0.8611169345004126
1495,0.861001455363261
2409,0.8609263555477245
1427,0.8606036001129183
863,0.8605147712532568
3893,0.8604191378887437
3127,0.8600469214586153
3695,0.8597301746796078
3677,0.8589544923513743
3123,0.8577202669390557
293,0.8575458283830287
2445,0.8574016290673226
3196,0.8572864685563536
1887,0.8563183156455911
3128,0.8560917162824128
3294,0.8540054785511701
3436,0.8538370255681982
1585,0.8532415169634151
1623,0.8528069982479277
2467,0.8512398035701567
1576,0.849623854954869
344,0.8485726003946367
880,0.8480807663125133
797,0.8478924780818582
800,0.847018580610755
2453,0.8459020710923215
1600,0.8458078684683416
3312,0.8456310167771866
179,0.845106120262576
3662,0.8446216353270767
3085,0.843739679781651
119,0.8434030554972781
1817,0.8429326091908934
3028,0.8424583456427747
203,0.8407266062340544
1488,0.8405511643810784
3286,0.8400259611271813
3222,0.8399965112971509
2402,0.8399935644814126
2420,0.8389504794185019
2489,0.8388713154867653
3221,0.8385336288344355
2530,0.8385115610946385
2486,0.8362784987049763
3163,0.8353847274584231
3761,0.8340377819385655
3872,0.8335174297791142
1435,0.8329517247092971
3172,0.8329316176398543
1070,0.8320845707604884
2430,0.8314932342028133
2268,0.8311951529338103
2282,0.8301759823759443
2376,0.8282813469862775
3140,0.8281912139292384
254,0.8281163015850828
1652,0.8280989891520705
1475,0.8280709260266128
2377,0.8280141895457461
3033,0.8273540996575937
810,0.8263850331492678
526,0.8263711927628311
3037,0.825720473479787
387,0.8250137177832646
3239,0.8249981921325887
2284,0.8235081477282993
775,0.8217968431571899
1625,0.8212933244737527
3145,0.8194870240424372
1609,0.8194153590029186
3191,0.818941308406223
3887,0.8175470936982926
3153,0.8175154897215005
2469,0.8174410103348944
2294,0.8173759041524068
519,0.8171794462536095
3027,0.8169486359057921
2433,0.8158149666864865
1237,0.8149447304287568
3208,0.8136186272045182
504,0.8134189014495401
641,0.8131883024012043
1832,0.8119739077475618
3738,0.8109467482902106
2490,0.8096523862159882
1355,0.8084387137767123
657,0.807063287295546
3349,0.8064437860763446
3051,0.8059998265601461
647,0.8027616609415831
1587,0.8022831346032473
1283,0.8016029352848707
1635,0.8004354301329168
2484,0.8004100461836807
2944,0.8002425289303509
493,0.7994030150451832
1597,0.7987606435844715
843,0.7984235495906541
2416,0.7982518569865334
1649,0.7972477458240037
3753,0.7966481083466763
1352,0.7960783129215381
1369,0.7954935490749971
3176,0.7954780185828618
2966,0.7949254209414703
3211,0.7944081795368196
1217,0.7942213321340623
2327,0.793430053997585
333,0.7933672203888986
3845,0.7931798231798443
1678,0.7931378683378687
2477,0.7926144108905219
3260,0.7913316788887682
3271,0.791266213324412
2545,0.790907408138799
483,0.7902246002940878
782,0.7900744556267681
2338,0.7899399648890142
243,0.7898245454866449
2368,0.789505169222668
1516,0.7893517944370267
2292,0.7892178767438333
1648,0.7884765120425186
1653,0.7878400928321355
242,0.787143136085898
2171,0.7868335772768283
3901,0.7866751484631211
1659,0.7862232159082806
4027,0.7858247787767145
3864,0.7858056650011749
2536,0.78552513446746
3276,0.7851987398962236
3802,0.783993784242541
2399,0.7838836657225071
1399,0.7830539380565018
1522,0.7828733709634349
1644,0.7821276199899593
1629,0.7808523243520518
3065,0.780584031214144
3764,0.780466602351996
3193,0.7803862209262249
1304,0.7798013550655192
3064,0.7786774307102425
3895,0.7781205663508542
1531,0.7780325689081131
1780,0.7772750305229352
2319,0.7771822912898357
1605,0.7771533173123598
625,0.7760940832110778
3215,0.7757227451319609
2396,0.774185106562646
861,0.7741500555718751
1447,0.7740989910943311
1771,0.7737695529055089
1500,0.7727539083839298
650,0.7724578457171861
1726,0.7711513183676088
1656,0.769952509709845
1632,0.7691093052995261
143,0.7681214024273237
536,0.7678364606989094
3259,0.7676569708459815
2369,0.7672883302374776
2291,0.7671172345394768
2548,0.7666540167955495
1511,0.7664314880799294
3794,0.7660516111811763
3779,0.766023310536626
465,0.7656759444993357
1606,0.764304823347093
3157,0.7640177246679257
3129,0.7623621254856995
2962,0.7618853695910108
1568,0.7615200888900953
2943,0.7607249107098212
831,0.7599949466385995
3224,0.7595985453951647
496,0.7588015778888157
3082,0.7587850426612064
3814,0.7584059049025655
3326,0.7583554481234722
1676,0.7579524731260965
3432,0.7577720941284998
3953,0.7577185083327075
832,0.757325771714925
1136,0.7562659698218203
1494,0.7559248561451549
3139,0.7558395964322379
3219,0.7558344249980696
1509,0.7557692408209267
2366,0.7539669734924125
3022,0.7518707958573566
789,0.7517704855120347
3105,0.7492937727638865
534,0.7483764488150179
3107,0.7483391331588127
3181,0.748184580968646
2391,0.7475504819950832
3081,0.7467817506178063
3241,0.7449118908915963
3785,0.7440914010136175
1391,0.7425195774261176
3352,0.7424347077967506
231,0.7417736815716205
2332,0.7410535372236171
1349,0.7409312220235705
3244,0.7405649118699162
177,0.7401389304790401
3679,0.7398629961346072
3164,0.7398146144306884
2429,0.7395963633763848
3097,0.7395157856867889
3309,0.7390446271864075
213,0.737326792886441
3266,0.735741300403821
1595,0.7354856280447738
2357,0.7351970452458658
2318,0.7350686202815909
3649,0.7348151119436536
2580,0.7347531583783204
2225,0.7335493289887537
2236,0.7334961323292641
3604,0.733332450353505
157,0.7332811698007485
295,0.7330903761126061
2363,0.7328984825220553
2408,0.7315833480291791
803,0.7311881397318564
2381,0.7299066911819104
2343,0.7295333315919815
2505,0.7294792652736357
1777,0.7292837344229895
3832,0.7291138561582113
298,0.7283315406878007
1563,0.7282622194440859
3889,0.7282518655748293
3944,0.7277101726723797
2951,0.7268990213823362
3206,0.7267515497592023
864,0.7265161437879062
3225,0.7258100947021817
2960,0.7250633593672904
1390,0.7239165538706904
2449,0.7236002027525767
3786,0.7234695642463689
1428,0.7231142226740742
224,0.7223863474281006
509,0.7220444438827323
766,0.72195642282112
3178,0.7206270732788063
2462,0.720353883907211
3776,0.7201365304584846
2367,0.7198705311441563
2324,0.7194296535666768
2301,0.7180762292256083
3977,0.7171554547294787
3307,0.7169993258400331
3063,0.7165882476226146
214,0.7163073584269892
175,0.7156881955197731
237,0.7156774461684587
3292,0.7150071607719422
232,0.7148596027237948
780,0.7146928987891775
229,0.7142161047607926
672,0.7138873411543998
3289,0.7138678817513755
787,0.7136059015105436
3334,0.7125666247925672
1254,0.7123254868031171
3052,0.7120471952018542
492,0.7116661608229137
2339,0.711070224478931
3262,0.7110363518762577
1734,0.7108425266239117
3826,0.708064153990898
3818,0.7077155208294458
2354,0.7074618208974989
1533,0.7072412093646426
1377,0.706879043987092
2584,0.7055646204746931
2260,0.7047794562297399
663,0.703865476247143
3057,0.7036858820454438
3774,0.7034118428359465
3743,0.703324748180804
2370,0.7032732343351664
3025,0.702721262546382
510,0.7026435710482162
2266,0.7023871014471135
1562,0.7019324980362192
1420,0.7017964974379792
745,0.7017484214440696
338,0.7003658616963716
874,0.7002153359214278
3290,0.7001588460468432
1322,0.6998524839132269
318,0.6995999669326443
2374,0.6990131582072835
3633,0.6989409930811722
192,0.6988259569522866
3705,0.6986841645287134
2379,0.697743063930638
1912,0.6976883699399073
3702,0.6975555477396197
894,0.6965358289473066
3946,0.6962016103151102
2360,0.695997730855819
643,0.6957922567649206
2418,0.6955647478824665
2297,0.6952489905076988
1520,0.6952153342945994
2356,0.6947210366366241
1547,0.6937790353129423
884,0.6926924157907278
1122,0.6914160398871241
1467,0.6910009252348436
2956,0.6907277843454908
2465,0.6903855254702173
2126,0.6901488919940592
3118,0.690013831079724
2309,0.689845074333032
2572,0.6897960694028847
1588,0.6896713561898693
2340,0.689333602474909
476,0.6890327600669995
3760,0.6889214652327866
463,0.6889119361840377
2904,0.6882411441837523
2415,0.688153878367247
1373,0.6877043631120118
3011,0.6875300911162368
3823,0.6871143548949494
3223,0.6871067285248443
609,0.6869546665795333
3852,0.6865937816608442
3029,0.6865537941955836
3692,0.6862153718854758
3169,0.6860242943346574
3076,0.6857717724971586
2322,0.685334020019536
3611,0.6846397759386309
1197,0.6835343962786934
1179,0.6825644546884282
1614,0.682396572775052
1578,0.6823951737326931
193,0.6809219922522384
170,0.6808895371255868
3759,0.6803938649382244
3141,0.6799636057308535
1367,0.6796911458816638
238,0.6792566982601631
2435,0.67918692236987
3819,0.6785605487363735
1408,0.6777300480082357
3091,0.6776203360797909
2386,0.6771759963573393
3815,0.6767275530830043
226,0.6755973629702553
1561,0.6754210892923367
533,0.6753070230242831
816,0.6753009259748199
428,0.6742791090252108
2528,0.6738112717662441
2403,0.6737133505089159
1425,0.6726873173246765
3317,0.6721552413876004
3367,0.6719534597601048
1626,0.6714098862140142
1376,0.6713425757942255
1313,0.6712284057092196
3203,0.6708127079183339
1514,0.6704369206349651
173,0.6701188541348584
3209,0.6699112032484008
3003,0.6695578827554104
3186,0.6693925103726831
1638,0.6687932942178755
1723,0.6683495963261491
2018,0.6681985886895638
3036,0.6681909237807212
2920,0.6679403137872331
3047,0.6673643330661487
1456,0.6671923557101995
3693,0.6670702733602291
1528,0.6668399430917881
2279,0.6665440991236224
2199,0.6663470790352096
3249,0.6657411434032187
1453,0.6656071637704518
2331,0.6654333237815541
2969,0.665382363019804
3789,0.6649961179175157
4019,0.6649518442146299
1762,0.6649518406134239
3045,0.6640308417480193
1013,0.6640166501124819
1760,0.6640075595675564
3187,0.6637703529454108
1277,0.6621607647043571
3730,0.6620976013152821
1658,0.6615275206541188
1580,0.6614722406228009
623,0.661413672338523
1854,0.6612676737637947
2863,0.6612118260804203
2502,0.6599720054779277
3242,0.659707027470225
508,0.6595241888132907
3004,0.6592249573279884
594,0.6586800200163858
2352,0.6583744774952696
3080,0.6576553472832385
3745,0.6575661318085484
3001,0.657502508899392
1646,0.6573889958300635
2988,0.6570845677387658
1492,0.6569053048953135
3722,0.6559011597029636
1769,0.6556774046802961
2599,0.6553394185110161
3283,0.655247293752898
786,0.6551293343831046
868,0.6548680648334742
2156,0.6544328226557296
1564,0.6542732931214108
3676,0.6533531876617976
248,0.6531179751279387
3132,0.6524656965839866
502,0.6522950524642848
489,0.6513318736305531
793,0.6501897353693759
2424,0.6499306680750615
1967,0.649898368590772
1332,0.6493476843724056
311,0.6486334590278939
619,0.6485435695692671
2326,0.6478711079024534
3880,0.6476531269681969
1571,0.6474415543697815
2116,0.6472952141554789
186,0.6469918408583168
2373,0.6468465249493339
1421,0.6464888935532037
2450,0.646191602515131
3592,0.6457221773981435
136,0.6456372745828355
1403,0.6449039653475906
1518,0.6448150630883843
3707,0.6447789899049272
3023,0.6443421629648164
1478,0.6443394749147003
1345,0.6443306769618684
1371,0.6427533947297757
273,0.641690719507392
3205,0.6413701366825976
3690,0.6410561874888513
1360,0.6402802298737409
3121,0.6402621521285181
204,0.6396219823076431
1426,0.6395111847482089
1664,0.6392632203339589
1641,0.63889756650167
199,0.6388161952282965
4034,0.638803415271455
481,0.638323690633298
3124,0.6381116745342762
3680,0.6376945745644017
3719,0.6373690937390496
3674,0.6372903997123
2317,0.637274049911442
3060,0.6366621808177505
2202,0.6364326037255892
84,0.6363894574280986
1448,0.6363679560359851
3130,0.6360371377739826
3079,0.6356520118905128
2994,0.6355534917248058
484,0.6354634323811275
2231,0.6348591632572358
1586,0.6345827799058716
2390,0.6343154320304598
3146,0.6342588297789656
1155,0.633349324733366
1483,0.6331053376289331
1436,0.6329246458659623
2342,0.632897836296474
3160,0.6327328511481699
3857,0.6326836010836069
3035,0.6320815067618438
3087,0.6319817863583383
2517,0.6315968687779845
283,0.6315317207438339
2764,0.6312779438161059
3418,0.631197921228845
1396,0.6302080498410919
2176,0.6301701294840995
453,0.6296856020675632
1086,0.629195842011347
1805,0.6289507945501204
2211,0.6287379895577448
1433,0.6286529484802055
3685,0.6285356383591639
1731,0.6275124950722794
1275,0.6272576494154278
807,0.6271143667545571
3640,0.6268932054260379
1409,0.6268488577937603
1594,0.6267358025043798
1582,0.6267101232081695
2605,0.6266725088239121
2476,0.6264727071870579
3319,0.6262688236574765
826,0.6257342974545723
251,0.6254587427576975
1470,0.6253300881509608
2152,0.6251420124382177
2281,0.6249934392714716
3194,0.6247734811141429
2432,0.6246858649907712
2323,0.6245427219031792
1503,0.6242852603693144
2348,0.6239768536979662
1331,0.6236827564014457
2321,0.6236454887110526
1491,0.6234234716009877
633,0.6230296367738644
2247,0.6226325060484217
1711,0.6222436734544022
1446,0.6220432029536389
808,0.6218590740529928
3002,0.6208878781609901
3113,0.6207264881242378
1553,0.6207205119752034
2974,0.6202627565605232
3596,0.6200933544475669
1317,0.6195494295664667
2359,0.6194076731919281
768,0.6193513578635255
2813,0.618989587351204
1592,0.6189048027249733
3899,0.6187345166332886
3236,0.6184918046142848
1236,0.6183970112549436
3710,0.6172862160258529
2233,0.6172764164038069
174,0.6166985370678002
1259,0.615797593836273
258,0.6157055406351732
3735,0.6155481847441255
1400,0.6150256377785743
270,0.614739897892732
936,0.6138443379398041
2940,0.6134254639575841
3634,0.6126021816524387
535,0.6123237303508848
3706,0.6122128725648788
456,0.6116072086236823
1273,0.611309614812775
774,0.6107157107715129
3062,0.6107148656499978
2337,0.6106697526449032
1307,0.6106304590659366
3038,0.6102176376589649
3780,0.6097806646284638
486,0.6093587003553337
4009,0.609272196082903
3625,0.6090891762070438
617,0.6086315297466387
1318,0.6084883458784804
512,0.6080190158764895
1343,0.6079205378450088
1454,0.6075264345193855
771,0.6074340870896404
2159,0.6071448603260011
1444,0.6071236153141125
2444,0.6066411452833016
1235,0.6066385648299237
3017,0.6064437487300526
3243,0.6064406540964663
620,0.6060027366874617
464,0.6058741024926859
3783,0.60571382572794
1776,0.6055186152547852
3925,0.6050835826376031
441,0.6050538885020305
2925,0.6045656318925758
2466,0.6043446357407869
1696,0.6040238882772312
1480,0.6039171184436773
3074,0.6035452507033134
3770,0.6035281277744907
300,0.6033178854945297
172,0.6031194007706898
185,0.6027165904189539
142,0.6023749126029019
3014,0.601790720404566
1348,0.6016452260337093
4004,0.6013651871044504
144,0.6011654886277326
2273,0.6010201565944141
652,0.6009942601065226
673,0.6009942601065226
3401,0.6009554628828535
2300,0.6003239827305624
1415,0.6000832487893898
505,0.5998289429935157
223,0.59945488285078
3086,0.599431200288563
487,0.5994114055523682
1523,0.5993769154411689
1513,0.5993614128740372
2818,0.5991340789772522
1224,0.598984953835548
852,0.5988795971869237
2909,0.5981856104949842
1432,0.5979741793795809
757,0.5976461794690389
3890,0.5975388217302245
640,0.5967186519899027
2346,0.5966696880112913
2927,0.5964073829748848
2946,0.5962807484181374
3171,0.5961360410826866
1552,0.5960078064647873
2224,0.5954913725204521
2290,0.5952868457711076
2334,0.5952537556856442
4000,0.5945127804876673
3126,0.5943877513160384
1393,0.5939437223357514
3659,0.5938573580012821
1631,0.5937117977210743
2157,0.5934286653435161
1575,0.5924961221564575
521,0.5918581612964965
639,0.5916189276837844
1530,0.5914095435392498
1223,0.5912076185468272
1464,0.5910580270613094
2250,0.5910312912674768
3089,0.5909977834785569
2241,0.590935059187799
1486,0.5903674724202267
3768,0.5903033121559592
3711,0.5902648594655928
3111,0.5900169606407227
2246,0.5898379737047967
4012,0.5891322884619696
4029,0.5891322884619696
1526,0.5889086141786726
1535,0.5885462670452799
3682,0.5883747224814766
1566,0.5882504371545698
2514,0.5881937142795177
2286,0.5877936302480182
274,0.5876499614744362
2928,0.5876409666009937
3083,0.5867304513657702
1493,0.5864111650739805
3100,0.5863247757048161
3725,0.5857858961139599
3995,0.5854385303201106
1310,0.5853736552959176
473,0.5853191748238603
2413,0.5851509408186694
2271,0.5842295107705204
1429,0.5842003132868355
3106,0.5841090331973877
197,0.5836911378880464
3040,0.5834731091351654
642,0.5832923635510499
3180,0.583004164605817
879,0.582892665687919
4016,0.5823619872529361
511,0.5821656052784585
1544,0.5818449681369501
468,0.581720242881827
2304,0.581650652553305
3952,0.5813246112508826
2192,0.5812529089213276
2265,0.5811553548398328
3714,0.5811412922984207
383,0.5810737561620941
1713,0.5809852063806022
2916,0.5807641509268643
3878,0.5802148697452625
3311,0.5801682856705003
257,0.5799789355985993
1113,0.5796966363141642
1468,0.5796457021290791
2985,0.5795013946525747
3407,0.5794510243434974
3846,0.5790947187528815
282,0.5790541935132466
301,0.5790541935132466
42,0.5790541935132466
256,0.5790541935132466
2278,0.5788327730582005
4014,0.5784123038834414
2839,0.578033400412606
2232,0.5778413120549779
3871,0.5773914497335882
479,0.5772172068312518
3613,0.5770615098054495
1308,0.5769272391069854
3120,0.576421633290138
1442,0.5760715038717337
1347,0.5760010630384506
2173,0.5759219183871568
455,0.575096727327589
1202,0.5750265686354147
3576,0.5742542141718691
149,0.5741552158649067
1413,0.5739112572699956
3713,0.5729937590360655
777,0.5729917180370004
794,0.5719436686375834
1423,0.5718289054622531
3138,0.5715703407344948
1208,0.5714984816139833
3049,0.5713808526528662
1406,0.5708552251506884
783,0.5706908367533957
2254,0.5706026150070169
2401,0.5704242431080424
3115,0.5703740902047773
3075,0.5699571175600865
2229,0.5699381946767957
1378,0.568601776672035
2387,0.568552337506488
3750,0.5684150830114824
3787,0.5681271885851564
2267,0.5681228610852053
1253,0.5675066927736935
3008,0.5674528185127479
2308,0.5669089753073835
1821,0.5661711768745582
3173,0.5655223247425609
1670,0.5654763435625081
1268,0.5648338167729696
2389,0.5646367554887257
773,0.5640077692863391
1410,0.5635584430253718
137,0.5634982350207643
2244,0.5634314607803504
1177,0.5630849254829694
3010,0.5623597365552884
2296,0.5621731936042541
3593,0.5618070809749526
3769,0.5617560410796045
2955,0.5612883048662345
3757,0.5611707402347352
1337,0.5603294690401642
495,0.5601228597600125
2945,0.5594713363222462
1138,0.5591619749023078
1404,0.5590953239795781
779,0.5590467375704175
2362,0.5589081354865341
2407,0.5588446772409393
2316,0.5587710541629166
528,0.558729196508382
1441,0.5584171131197406
1387,0.5580370027989465
2275,0.5579857046740287
3739,0.5579558030908124
1329,0.5578485082189127
2160,0.5572693523984392
622,0.5561265852833845
2393,0.5557576334142212
184,0.5557336851364264
1361,0.5554697391241658
2992,0.5553089856010296
2183,0.5552665925279802
590,0.5551166571005256
2993,0.5548679057515985
3333,0.55449844560464
147,0.554307228682567
2426,0.5542934131775391
1238,0.5542593376577293
3059,0.5536858867216237
1452,0.5535089230825113
1282,0.5534055204741274
747,0.5524802032295438
3061,0.5522248917610453
461,0.5519718254432856
1218,0.551200823497997
2024,0.5507829787497684
3270,0.5507702209695651
1508,0.5506396172955452
1550,0.550315895636967
529,0.5501013160291963
2218,0.5497560719012184
1080,0.5496375653057152
122,0.54847427296107
3122,0.5482506605215459
111,0.5482018123182549
3605,0.5481543819499414
1334,0.5478856247569207
2901,0.5475702917058569
3844,0.5473942288334994
268,0.5473323875754513
211,0.5470659384052622
2865,0.5463478820963139
2329,0.545545579493429
2919,0.5453449335198899
1173,0.5446732828086182
2061,0.5441863884401621
799,0.5438138013009017
2087,0.5436269014586399
2910,0.5421167874409999
2223,0.5419814438510803
2187,0.541386319517524
541,0.5413463133052372
4032,0.5410999046442495
635,0.5405951257133421
1855,0.5405392104408226
3792,0.5402690878810094
1171,0.5400435307605501
3628,0.5397666834168987
1370,0.5392288480351867
3773,0.5391755816544873
2568,0.5386608337393531
1422,0.5385622271912044
1856,0.5379068326532399
2439,0.5378976970905567
1330,0.5377155302980642
2133,0.5375453031654946
1382,0.5374252864815666
1602,0.5367122780590025
1700,0.5367104530327308
2903,0.5366822587473614
1300,0.5366538648374292
3545,0.5360853171790784
3551,0.5360040540123808
3775,0.5355425049707545
158,0.5350525425789394
2022,0.5346905562704599
1299,0.5345670004179016
1539,0.5343980784606294
1231,0.5341526131829469
148,0.5340830301884888
804,0.5339486401645727
2836,0.5338892544501112
2264,0.5338861732746063
2315,0.5336392331760825
2299,0.533573624257418
2206,0.5328687217153177
3910,0.5327052869836888
736,0.5320643257429418
1416,0.532061116553791
1654,0.5319377688294503
2276,0.5315642067153931
2240,0.531537962445051
269,0.5315287558568229
2314,0.5313689823007642
3624,0.531361335233317
194,0.5312825028117022
851,0.5307808707351648
610,0.53054762619005
2203,0.5302519666798018
3629,0.5300472435023171
218,0.5292294593875397
1261,0.5289104991589698
2307,0.5282733849061051
1449,0.5278994518466507
2923,0.5276820857478656
444,0.5275768782916945
1328,0.527293535895905
1228,0.5271975866698405
2220,0.5269266515053446
3046,0.5265352372782467
1534,0.5262119864975409
1333,0.5261360594538058
1325,0.5260849964779176
3521,0.5260809343372671
2143,0.526028178354557
1260,0.5257557156504858
2129,0.5257326845016296
792,0.5252129545368162
1298,0.524462664792504
1226,0.5242337533450256
746,0.5237381439248717
1192,0.5236797243360881
522,0.5231853227676037
2392,0.5222999501789454
4011,0.5218920790065061
3637,0.5218892512314264
1538,0.5217456775057536
1438,0.5215111905767902
3533,0.5215061642974466
1256,0.5214493840900135
2400,0.5209343225293973
2978,0.5206439825322029
2047,0.5204760124712331
3648,0.5202120468329199
1618,0.5201603065989989
2913,0.5195270992417295
431,0.5193513573041639
2915,0.5191407851541084
632,0.5190103479335035
414,0.5186669130593
2972,0.5180299230021007
452,0.5178113067042672
1258,0.5177161226623374
3716,0.5176658421275631
3586,0.5174822863904092
2989,0.5171448032211332
3645,0.5171037465894587
2142,0.517042467386501
4005,0.5168905853991488
1199,0.5165836802774114
2330,0.5164781088551198
3639,0.5157924365598877
2196,0.515568479551213
469,0.5153711242058356
4002,0.5151386826817211
752,0.5148664473280621
732,0.5148279117731559
494,0.5147273361329419
3305,0.5145640518060943
2111,0.5133928418822175
549,0.5131627575356198
4020,0.5131114507671578
3771,0.5128908014435517
3839,0.5124759501900688
618,0.5120254359541324
3816,0.5115673028572058
1109,0.5115139763877401
3687,0.5114812092924913
2097,0.5104484237544757
1384,0.5103860617223568
2153,0.5103578659693775
3012,0.5103147692091496
140,0.510310426202411
1501,0.5101645533780489
482,0.509993152839722
3665,0.5091087905375185
3066,0.508537669797839
4037,0.5084419497318399
2441,0.5081560076127609
1327,0.508085085695468
2242,0.507946650012541
1546,0.5077928169101303
3788,0.5073624519984191
3696,0.5072021958846017
3667,0.5070782398816237
2527,0.5069070905249262
3281,0.5060847089201553
3437,0.5060313007346343
1204,0.5055477809484004
1227,0.5051008111019794
3210,0.5050787143002385
189,0.5049296745320023
412,0.5047362443653242
1210,0.5043316695417103
1165,0.5040668584936722
593,0.5040299857201221
3005,0.503918570966256
3585,0.5033827539415541
2248,0.5027583020419476
2228,0.5023794951759744
2201,0.5023338043195922
2257,0.5022452354126438
2194,0.5021356995440807
2883,0.5020587331728
1359,0.5020333882089273
1114,0.5014889450690599
3807,0.5014426157844326
1104,0.5011263423256372
2443,0.5010923782629082
2937,0.5009892155704723
1001,0.5009481200180591
2996,0.5008338110962006
3070,0.500630019765506
2906,0.5006213910050259
1111,0.49999618227561293
2027,0.4996120310816028
1701,0.4992179958733067
1341,0.4990767223373146
399,0.49901366618323106
2931,0.498354003167241
67,0.49830371489919495
1303,0.49830305449276346
3762,0.49803028078047035
3813,0.49798572438512806
3697,0.49798405943410656
1288,0.4978995600056712
321,0.4978613362150972
317,0.4975993693069016
408,0.4975114925960988
631,0.4972889066764615
3644,0.49696460524230923
2350,0.49643010154762385
1457,0.4963626586468553
2959,0.49624654949405017
2353,0.49614029859015724
2812,0.49589143756420545
2197,0.4956875443339692
796,0.49566582538809434
3376,0.4956343753156573
2388,0.4952826193572684
2869,0.49525896148639975
4013,0.49511091892832404
1189,0.49504657986139655
348,0.49453840912321345
3617,0.49450338476736894
1388,0.4938483706050159
3834,0.4933098565156511
2188,0.4931392955980639
2200,0.4931351846851642
2929,0.49309698693015275
1865,0.4929231584517954
1379,0.49283717299350743
1397,0.49275042129065044
3612,0.4925842816681259
4018,0.4923258101739515
2172,0.4922505550488333
2259,0.4919572986460688
2911,0.49178416409309333
612,0.49161851492879277
436,0.49140406064314857
873,0.49137918310275647
2235,0.49074063747995583
3192,0.4904381737714972
141,0.4904293296150149
262,0.4903283278332824
1306,0.4901123813270347
1128,0.4900139283843584
2174,0.48996570812803203
3772,0.4895800098600956
445,0.48956091111348427
474,0.4895179302601241
2253,0.4893449964115783
1437,0.48920353543108863
3042,0.4890803187096491
764,0.4889658676106498
2081,0.4885264878125878
419,0.4882918412851098
1012,0.48805490978316385
289,0.48804544461417093
3165,0.48790825366310125
118,0.48789413984754854
1599,0.4878776797850731
3741,0.48734036813464715
2912,0.48713327484285074
3849,0.48707954352659266
471,0.4864642302519633
2976,0.48642219309455614
2968,0.48614781798735174
3189,0.4857302912879098
1335,0.4855258490134852
3199,0.4853633654069758
2355,0.4852934709325191
3573,0.48526285525048574
167,0.4851047078692157
627,0.4845852279540898
2117,0.48452938583760413
3102,0.48408675109382476
3754,0.4839198465112632
1295,0.48389827962057336
2964,0.4838454121286943
3549,0.4837227378408269
601,0.48356602379027175
168,0.4834978673225783
202,0.48305612479709115
3806,0.4823661572474312
2320,0.4823490552972673
176,0.4821705904804458
1222,0.48208927745384417
2251,0.48192983537414374
1225,0.4817481627404453
3594,0.48139218224647023
181,0.4812202839414032
1023,0.48121321400342426
2280,0.481004751655918
1542,0.4809008091048807
3131,0.4808293750482328
1497,0.4806648192665571
491,0.4806178629216417
1460,0.48020837844008707
3718,0.48008654295108016
2189,0.4796573633812258
294,0.47954349887493514
2358,0.47927288766876064
3635,0.4790401071950858
457,0.4788330172615839
2890,0.4787778214447715
3642,0.47873427720919476
2522,0.47865747648467255
1380,0.4786410475238085
2864,0.47843533811216643
2261,0.478188473546518
2867,0.47811064190068503
3148,0.4777375022651855
116,0.47721549586668155
470,0.4771332805696503
438,0.47702092598624907
2306,0.4767217599592412
1215,0.47653560778384974
1271,0.4764733564436006
1211,0.476068030403526
2138,0.47575619570760835
3584,0.4756913164943059
2848,0.4755849056852254
115,0.475460284855403
1572,0.4753972395509183
3882,0.47530009381142463
2932,0.47520932040604164
2677,0.4750215233444161
187,0.4749397319791826
2349,0.47484116799703274
2894,0.4747591960563431
3817,0.47443665248880773
3068,0.474410297580712
2924,0.47421366203799237
1356,0.47407455656419906
2120,0.47395568099098234
968,0.47388970470227254
1402,0.47382966846711405
1302,0.4737926498570203
1412,0.47370383569499463
2881,0.4735875046067685
2180,0.4734882099777945
871,0.473252038223285
3651,0.4729983274190866
2285,0.47266456586664224
4036,0.4726089828751413
3720,0.47223728991518116
2128,0.47171836911278725
2293,0.4714845177864656
3763,0.4713395831041229
3708,0.4709317239477632
4028,0.4708570801577136
3055,0.47029567495116736
2524,0.470128140513795
2565,0.4700084957324106
760,0.4699987033504172
2150,0.4699961426947784
3998,0.46886561424588663
2982,0.46872730280545655
2184,0.46855493220838634
2905,0.468489903471037
1759,0.46846943405720876
2198,0.4682383860457865
3657,0.4679878150017712
1292,0.4677608894520472
772,0.4672435506919783
3626,0.4671636567626835
1183,0.46706854675311854
2149,0.46689151117041894
3673,0.46680601125954935
3144,0.4667449158556123
2226,0.46650877281792424
1269,0.466400847075476
3546,0.46631454495237706
1052,0.4663070670518353
2997,0.46623206765942454
180,0.4659147154275725
3566,0.4658688006776306
3978,0.4654788357931266
1775,0.46529375243159915
2889,0.4651104205581595
1451,0.4650486535220526
162,0.4650196229526044
2169,0.46468956322709376
1169,0.4645663767027812
3034,0.46423222717682183
2216,0.46403123785551736
1640,0.46394573037005554
1257,0.4638381743900735
714,0.46382298172860836
2190,0.463730408418731
3859,0.46333871835406304
2215,0.46310066665029603
1385,0.4630744739273887
1315,0.4629988677918092
1294,0.4629918474214838
151,0.46293089373126806
450,0.46262723570648995
2454,0.4623678666687134
3109,0.46213314818167417
2243,0.46202863322071785
713,0.461917419399139
2277,0.46190834227686595
798,0.4615979438212514
171,0.4614829249301964
2786,0.46135825215982196
1465,0.46120538877062095
3487,0.4607536839740055
3454,0.4607536839740055
4033,0.46071613132114153
2958,0.4600468830553089
769,0.45991834954249833
488,0.45984676179967765
2214,0.45968752822119396
811,0.4593830128469873
3323,0.4593343837395823
2132,0.45930467046725976
2222,0.45915207733621477
161,0.4589374517674394
3553,0.45861174181245973
615,0.4585983149361054
626,0.4584697543649571
2006,0.4584679616047385
1344,0.4584010210534926
1291,0.4582493860352066
2877,0.4580750269261505
3777,0.45774552717422107
437,0.4575330140575528
472,0.4573994394126772
3652,0.45728168089386584
3965,0.4572316959449252
3577,0.45705100354898853
540,0.4568281064372549
2146,0.45653100094098553
3554,0.4564618856497764
1418,0.45632145260039747
2004,0.45630827243445976
3050,0.4562368844311603
3993,0.4561862182735762
1305,0.45576734198188407
246,0.45573483357873984
2496,0.45552172686871917
1792,0.45550049021614597
1311,0.45542265633116014
3583,0.4548806722603839
1243,0.4548532260854234
3630,0.45482676670669686
3568,0.45476602270443583
2154,0.45467466705747817
3310,0.4544531922929247
2272,0.45414715647550763
1392,0.4539749569876979
3796,0.453950256969993
3939,0.4538778116276497
738,0.4536359428893509
2009,0.45360213617489115
130,0.4535592469719188
1527,0.4532674807649605
3936,0.45323356579503243
1280,0.4531515440455388
754,0.45304385040198114
3254,0.45297190035381196
432,0.45296940144741454
1375,0.45276550302704777
3670,0.4526286840800083
2825,0.45247401537134374
195,0.45233347311158734
3715,0.45232284621311525
3897,0.45210017625226157
2191,0.4515950185212719
1324,0.4514402330659641
478,0.45123954296583374
3580,0.4510891159005951
1250,0.45095803984955346
1185,0.45084102442849466
1424,0.4508071392591573
3559,0.4506947613349201
3664,0.4506488775896648
2941,0.45017180331490153
2977,0.45002465103486183
88,0.4493699192158949
742,0.4493480204843475
1159,0.44921665300658703
3751,0.44907295850350576
1285,0.4490532205351713
1133,0.4488899404789373
3167,0.4486613369777824
1407,0.44853369548295347
1127,0.44830387404077704
1556,0.448130255581443
83,0.4480038567784913
1232,0.44799137013521534
3375,0.4479739568211667
2452,0.4477999243626298
462,0.44777357044769317
2826,0.44766289275389537
411,0.44758971621603066
401,0.44758971621603066
434,0.4472440464840356
82,0.4470912390938285
3103,0.44705751857928905
364,0.4469123105033643
1216,0.446661135861726
3032,0.446551440749852
1095,0.4463963297497358
2792,0.4463367945577523
1874,0.4461320783550978
3727,0.44610584625445
3885,0.446062861877653
3691,0.446062861877653
3744,0.446062861877653
182,0.4460282301385819
286,0.4460282301385819
2001,0.44588521989905433
3581,0.44572205040011165
1627,0.4453212634218741
1194,0.4453212634218741
2760,0.4450981882422835
3067,0.4448872163006417
905,0.4447195293135819
2145,0.44469071698233786
2011,0.44444776520312557
1284,0.4443705945507486
2824,0.4443388203849518
121,0.4442624768091272
2967,0.44421645935533827
2207,0.44412424533350886
113,0.44387786915416594
1214,0.4437292370175539
1191,0.44360862252507455
2822,0.44360120297540157
2787,0.44345383242689557
1230,0.4425340102881336
126,0.4424052826207423
758,0.4423977612649389
1188,0.442304957579317
1309,0.44219497371490435
2781,0.44213679863300576
3190,0.44213265541656055
1289,0.4420296189598636
2123,0.44197189831571276
3683,0.44190577910135925
2237,0.44181854770542306
3623,0.4413178639633154
1323,0.4407676230363551
3338,0.44062692016923916
3766,0.4405795752373622
2131,0.4405781036792123
1995,0.44048225492203236
2140,0.4403679225792273
196,0.4402104431180095
2678,0.4399341286060856
1607,0.43970755746583606
3658,0.43963311027221735
3526,0.43947738841725426
562,0.43945007381486456
3041,0.4389446593174314
2953,0.43893323516382976
1170,0.43888802982586245
2212,0.4385481665987684
490,0.4382842325721416
2181,0.438206243130761
3601,0.4377409133683237
592,0.4374090076705348
3865,0.4371672219153909
1458,0.43694837884310467
1445,0.4366537671585137
802,0.43617949165549114
791,0.43617949165549114
163,0.4360714063535308
2209,0.4360484628963057
165,0.4360036075137047
150,0.43593125887930245
759,0.43592569461400466
134,0.4359092427925411
3043,0.43575776323492404
2843,0.4355567295460546
600,0.43546447027414
3133,0.43545112336593716
3767,0.4354194453919676
1067,0.43534127250758453
3007,0.43533946241652477
1519,0.4348670530431597
1326,0.43469764373813885
2049,0.43432310954838593
2139,0.4342927673376445
2148,0.43427036973872984
2991,0.4342517031355543
1579,0.4340751345419056
1267,0.43400206009255565
2810,0.43398329965065674
667,0.4337843304482815
1461,0.4337302768245747
1025,0.4336425951784589
1221,0.4335328350698123
458,0.43321967435810566
1363,0.4331054828494308
1450,0.43306567494538223
2311,0.4327041631765157
1142,0.43257351365469987
2310,0.43252466133981804
1517,0.43222732786364304
1481,0.4321470258828638
2936,0.4321006723107616
1098,0.43195085268232875
95,0.4319277106617405
3615,0.43177194749341086
3495,0.4317431689287511
2868,0.4317305375745519
1296,0.4316395560168195
1312,0.43122151479573667
3914,0.4310659120850071
3095,0.43098039969150465
417,0.43094662915493015
2754,0.43093650403983785
3156,0.4305353536280684
3989,0.4304264569125823
2125,0.43024887652091526
3170,0.4301775210330531
1350,0.43010970274333093
2151,0.42999929654975083
2984,0.4296147565165921
1279,0.42936953534806555
3530,0.4293313946435845
2806,0.42931924299738444
1174,0.42930453482688796
1255,0.4292906185911752
2134,0.42908323311976354
3555,0.4289276394330953
3009,0.4288325458211421
2238,0.42880197131118114
2907,0.42878443382903636
2880,0.42874531694996626
3703,0.42859574571801606
2874,0.42854744470942707
247,0.42844260088943115
2921,0.4283129965412253
1087,0.4281323956356701
1073,0.4278621984614553
778,0.4277121384833018
1316,0.42769174734130133
3600,0.42763966918584345
459,0.4274354818797731
1314,0.42738364430640696
3538,0.4272166821536623
3647,0.42694528332245607
1158,0.42693992632256594
2939,0.4261968265626722
41,0.4257927992019595
3675,0.425703345796705
3701,0.425703345796705
105,0.4257015118942625
2866,0.42555168340363736
222,0.4254319072586334
1205,0.4253763648868918
3627,0.42519223126609
1657,0.42492805135093753
2383,0.4247453846022984
2127,0.42473699313082414
1485,0.4246976167473559
2973,0.4244748520584078
3636,0.42432834755951093
415,0.4242754293745599
2118,0.42426816003400986
2287,0.4242578538437257
3980,0.42420987425558976
3227,0.4240606940247281
1178,0.4239048608995783
1246,0.4238110042565564
2983,0.42369343769830764
3602,0.4234998036675362
2303,0.42328588728570127
2896,0.4231253004373846
54,0.4231205883571897
430,0.42309227994126114
1381,0.42301805592600794
2725,0.42290589480761104
3598,0.4228371096053543
2873,0.4227779362234151
731,0.4227650396558392
1161,0.4227090050565505
1321,0.42257999703750215
1110,0.42256234101586687
3529,0.4225476257161622
1532,0.4225325454433179
1266,0.42249818250472226
748,0.42236247592265713
976,0.42220139918152216
1172,0.4221846742661412
3681,0.4221209960091502
2844,0.42208181040489373
2897,0.4219532035447097
1148,0.42161691391151923
763,0.4214927037710775
1710,0.42127764302495857
117,0.4208601126848459
2102,0.42083864517018515
159,0.42040122579537276
424,0.42017574650359923
240,0.42003107185501337
3616,0.4198716622224965
477,0.41979322646009676
767,0.4196714831116825
3016,0.4195848309931105
1336,0.41945828554247117
596,0.4193758984616535
2041,0.4193301751285592
724,0.41921809940599064
1126,0.4191614896455344
427,0.4190204214021685
788,0.41895298925961355
2084,0.4186606359936493
212,0.4185453103925401
2841,0.41848690168460784
2104,0.41840097858964076
1524,0.41840015519486795
719,0.41836764517283215
1182,0.4183281439976802
2161,0.41813081955315357
3997,0.4180987544900208
2887,0.41805762757319037
2193,0.4178918875123007
2288,0.4178396703372205
1101,0.41764618822550187
3069,0.41762559430986573
1014,0.4174518811544148
245,0.41736430231618377
1980,0.41722856287648447
235,0.4170770135496277
1229,0.4167972765526083
2054,0.416653834551784
1144,0.4166517740564196
2949,0.4164144559625529
1184,0.4162546491812576
1339,0.4162482500769534
1045,0.41620431073352093
821,0.41617109479727044
422,0.4161122242031369
2124,0.4158103470494721
3110,0.41580903485504883
3736,0.41577793397297835
1319,0.41577642648109564
2221,0.41572240986907194
2872,0.41549791144193526
3712,0.4149188394581642
3550,0.41490345149549684
2217,0.41475266848840137
3501,0.41468561791725267
2882,0.414540884496098
605,0.41453398534828056
2072,0.4145175470027674
206,0.41423251541943046
1011,0.4139994446002656
2162,0.4139008512060367
3159,0.41389359458190733
2934,0.4137713807018626
2239,0.4137710488996843
2780,0.4135775796304281
423,0.41343660579079017
3599,0.4134115949572285
2068,0.4133192892349117
2121,0.4130836155855129
3595,0.4128567990994697
454,0.412768979903867
1401,0.4127521496173922
3646,0.4125303778151558
1163,0.41224087518099706
2088,0.4120947335379973
1043,0.41199952475496165
2091,0.41167731981614525
1489,0.4116623416617413
393,0.41156062640072383
1240,0.41125147301420656
2274,0.41120372876668493
3656,0.411108958943797
2427,0.41100746920888287
3093,0.41098791416669145
2930,0.4109657216569605
3562,0.41080553920227286
3700,0.4107138916036331
3018,0.41055461904359386
1797,0.41032104590498175
3724,0.4101480740203952
2107,0.41006516259907705
1078,0.41002366093024045
2165,0.409989544239968
3991,0.4099196248086401
2210,0.4098977868830641
611,0.4097765975111719
1207,0.40977471302935087
1290,0.40943659933478893
421,0.40917522807284845
3099,0.40909935653751295
2114,0.40907801249688985
1998,0.4090067626800164
1213,0.4089897719345963
2078,0.4089496359507577
2050,0.40868728434348056
2431,0.4086831581317204
4007,0.4086800979638008
3655,0.40862961188688435
3755,0.40853085408649287
1175,0.4083615928329614
1099,0.4080853445530331
3726,0.40806373093344434
2693,0.4079593995285688
1351,0.4078444707345986
1032,0.4076419049375695
109,0.4074827857040938
725,0.40745699685131365
726,0.407045640426179
2832,0.40689987483869183
1272,0.40682363620791434
1251,0.40676382562052305
1484,0.4065737020144491
1244,0.40646387467381445
439,0.40644542123276983
1166,0.40640942497686483
1134,0.40637663543940805
1398,0.40636404473655835
2831,0.40633451803177423
2103,0.4061292020168327
1242,0.40591771874160576
1193,0.40587320962712936
1991,0.4058043664573518
2122,0.405669813766515
1153,0.40548615916583175
178,0.4054583892597651
872,0.40526193984005854
877,0.40526193984005854
1286,0.4046931255968054
2875,0.4045089742336294
2861,0.40450089376794673
1419,0.4042316931048359
2135,0.40409940990825755
1443,0.40388744078428185
1212,0.40358767862349826
1245,0.4035841360592128
1973,0.40341297428996264
2112,0.4033864238137658
655,0.4032866154424916
3048,0.4032231728536484
739,0.40279426415801967
2108,0.4025610471508228
2938,0.4025458624750376
3528,0.40238899337122186
1389,0.4022215527947443
1168,0.4021704004181861
3535,0.40208831590652155
2025,0.40198011355177105
403,0.4019762042223776
101,0.40191256121790603
2803,0.4018584902441388
2017,0.40171728588154204
2168,0.40171728588154204
2015,0.40171728588154204
255,0.40168624234702693
241,0.40168624234702693
198,0.40168624234702693
2954,0.40164388055584466
2957,0.40145624217593756
389,0.4014048890798492
2862,0.4013137333606776
2981,0.4012003443732287
1249,0.40117728330387126
616,0.4011242235179202
1105,0.4010515804100226
3235,0.40077667150860175
201,0.4007360568943507
110,0.4007360568943507
2950,0.40054185051724467
3217,0.4004727886481054
132,0.40035078081114184
404,0.39995363922100735
92,0.3999091771324651
1693,0.3999031524018385
1353,0.3999031524018385
1394,0.3999031524018385
734,0.3998163192943038
1035,0.39964362986648017
727,0.3996066257624283
2213,0.39953640731901807
2113,0.39950010935512353
1100,0.3993362369431985
1129,0.39914522459560503
2255,0.39908362450360413
2971,0.3989602391758431
3508,0.3989433291325659
2093,0.39890986060910755
587,0.3988767123626282
1132,0.3988122493216389
133,0.39863873307823383
2115,0.3985043458773596
2914,0.3982972447328303
628,0.39820555757213066
3030,0.3981307358835793
1102,0.3980618126851675
3540,0.39793648521844793
1474,0.3979118266939544
2772,0.39790371697985727
376,0.3977096297091499
409,0.39738935131757747
2888,0.3973256161774279
3058,0.3971594906015748
123,0.3970060917960825
649,0.39694367187052343
3795,0.39679417281621604
2871,0.396736049977548
3088,0.39649299158524504
3044,0.3958887913613101
2090,0.3955735155225813
2245,0.3953824958060606
3496,0.39524359814601323
1160,0.3952238105078873
3579,0.39516921780174163
2179,0.3951631230948524
2744,0.3951565649238138
2807,0.39507683904088736
3021,0.3949796291801013
1301,0.394557140345772
2845,0.3945318173565107
485,0.3944912480465806
1131,0.39442590606999994
1281,0.3942705713979085
3505,0.39426904800961876
3053,0.3942310011336056
812,0.3941223916282174
1278,0.3939901562991671
1029,0.39391046467576274
3622,0.39389138233045135
1124,0.3935108154537066
3988,0.39341106646010954
156,0.3931014744209781
3161,0.392957724881181
1000,0.3929038501321672
2777,0.39282429878205605
397,0.3927477189050036
621,0.3927221696678867
1690,0.39257521518721544
930,0.3925463372639788
2071,0.3924206964879148
2851,0.39240338729172014
2782,0.39195544735018173
2800,0.3917470290520705
2849,0.39166921080741646
948,0.3916300521981165
1577,0.3916228074092147
2144,0.3915444995240353
1066,0.3915174262562514
751,0.3915159311115567
2790,0.39130422648543234
3666,0.3912918329462525
98,0.3912100737227623
1490,0.3911317404257313
3621,0.39108860983324645
104,0.3907327282523426
2095,0.3906285210549141
2892,0.3905545814329653
1108,0.390519091186703
2815,0.3903595464455693
451,0.38923429841716967
579,0.38905026716660546
3784,0.38904484305350795
3202,0.38886766087366464
1146,0.38883910891071144
1248,0.38881882173013066
1209,0.3884231299438862
410,0.38832302117562684
3564,0.38820872949144075
1106,0.3879128924430297
2827,0.387873115897843
3413,0.3878163097116384
2821,0.38774497404737346
1051,0.38741808861512383
2987,0.3871821248369219
2007,0.38701429153745687
2109,0.38687858782817286
2062,0.3868014543879217
854,0.38669782740090625
2110,0.3866443227234033
89,0.3865624572252645
93,0.38631881257285644
128,0.38611080482299676
56,0.3860143635432297
400,0.38596746366379214
3638,0.3859412798051133
3699,0.3859412798051133
402,0.3859279528485958
3618,0.38589574647076597
94,0.3858500081409799
1118,0.38532662975447013
2795,0.3852945006871473
730,0.3849010538302878
1010,0.384588095298943
2164,0.3839402691312804
3668,0.3837442363096655
1060,0.38371332829391164
870,0.38359533988134703
1434,0.38348921878245923
3591,0.383478370184691
1121,0.38346496826241955
711,0.38345836479147594
1999,0.3831607303414603
2032,0.38289979029223453
2035,0.38285752290075853
418,0.3828562259762449
1340,0.38270702070608825
603,0.3826711023078044
2856,0.38265574231978317
1247,0.3825629924498879
2073,0.3825395349001307
2064,0.38219190079761706
480,0.3820764583427056
449,0.38183397036625844
3557,0.3816292868850431
712,0.3815392588619643
3015,0.3814120366001811
2256,0.38140593372500997
2422,0.38134370955230446
2375,0.38134370955230446
2724,0.38119041984578944
2738,0.3811482094056065
1990,0.3811363489195296
2089,0.3811250441067552
1405,0.3810546542581981
1988,0.38102363830163594
2796,0.3809837368407308
1506,0.38069815050264666
2995,0.38066322894326327
3013,0.3805103276974583
1972,0.3801304301173158
87,0.38005979917851423
1697,0.3798236099084839
2771,0.37977967966487985
3542,0.37964998729006577
3742,0.3795469334400387
3808,0.3795469334400387
1125,0.37953211228142103
2270,0.3795234850879872
3456,0.3793616854407349
737,0.3793536583517046
3686,0.37932426085281234
1186,0.3790484006562596
3517,0.37904674574025765
1201,0.37900861981853445
3469,0.3789517735640443
583,0.37894522637185507
1383,0.37891673890409683
912,0.37891673890409683
127,0.37890394550517537
2092,0.3785842929882947
3614,0.37852549567244387
2052,0.37846056648538007
1016,0.3783655232685318
1219,0.37824560399574486
2990,0.3781570950305744
2000,0.378040607993594
1020,0.3779760988727534
3994,0.37794373584598084
1083,0.37779631602969477
2784,0.37766896969582836
3151,0.377585529985828
2038,0.377529034237505
3609,0.37748288830624704
3543,0.37742294710965063
2853,0.37741020806984044
2823,0.3771819591270933
1156,0.3771662421139283
915,0.3770853764587763
1954,0.3769853896379555
1149,0.3767878185805788
2305,0.37674103079529164
2965,0.3767095761906842
2876,0.3767034083905489
2858,0.3765522586099174
1064,0.3765051583792113
2234,0.37650401480493645
2763,0.37634149711577963
1041,0.37632572768820505
2037,0.37614301436928793
3678,0.3761371668540228
1372,0.3761085852341116
2908,0.3760058549988623
2859,0.3759509212394398
2948,0.375903285261429
2870,0.3758712158125025
2098,0.37586796823233026
1077,0.3758156413500643
2059,0.37556893291607046
2039,0.37539638805183867
3488,0.37539032148662516
2840,0.37537460902732733
2775,0.37529894674340586
1072,0.37526621094331003
1107,0.37517895829454445
697,0.3749644667369488
1137,0.3749114841635575
2083,0.37480916902354255
2074,0.3748030000568874
2837,0.37479498972532505
756,0.37458816183210464
106,0.3744815618817723
599,0.3744345929293372
595,0.3744345929293372
1097,0.3743549915668557
2898,0.37427255114752167
1062,0.37420137566183626
3556,0.3738640119960305
755,0.3736990577619846
3955,0.3736329994555942
1120,0.3736112937399631
146,0.3734161100969744
2917,0.37324688232058917
396,0.372999395747664
3661,0.37286786836296626
2042,0.37273339532682875
2719,0.37264939609552306
753,0.37256319611766575
1075,0.372551424747968
1287,0.37254217236815
466,0.37252890503414166
1440,0.37244428820210984
1030,0.3724293612283062
1241,0.37217114926039346
3563,0.37180695669606495
2797,0.371792066050568
1365,0.3714846372680388
2069,0.3714124624559873
221,0.3713770841101808
398,0.37129666623902363
3663,0.3712958024094947
279,0.3712487093227317
3024,0.3711871424306922
841,0.37114206241055314
1167,0.3711410626205712
3525,0.37099002478127807
1274,0.37097219967793754
2778,0.37096182403571754
80,0.3708192536526091
1975,0.3707994009122904
1021,0.3707550570140855
2828,0.37067359040576037
2136,0.3706630615947639
2918,0.3706434132163673
435,0.37062553798990117
3569,0.370465289786587
2058,0.37041591594505074
3749,0.37037355342536105
597,0.37036429558915385
1069,0.370173338209859
2785,0.3701110629967686
2793,0.37008923522907605
2086,0.36955912660414725
426,0.36941660101800483
190,0.3690853458940105
1364,0.36904429838473585
1265,0.3688161959336115
108,0.3686178772362144
2170,0.36853801983776613
3143,0.36847446335045086
3689,0.3684335960435319
2263,0.3682171383064455
2077,0.36794117551791694
2757,0.3679229179539543
718,0.36786995525566757
2012,0.36777126898518214
1040,0.3677588842189057
1037,0.36772929197417503
73,0.36764402615514613
1297,0.3676294580646692
378,0.3675063118906292
2762,0.3673594498036822
2835,0.367348901860244
191,0.3672631629377614
1074,0.3670440316514987
1346,0.3670393096605774
2942,0.3669469284947264
728,0.36688001160141187
395,0.3668145848520603
373,0.3667981336537254
2298,0.3667598405192606
1976,0.36672980023433377
3547,0.3666638308708772
660,0.3665207128023841
2721,0.3664682566863053
2817,0.3664682566863053
135,0.3664456988498698
3506,0.366352037829133
3536,0.3662437477525159
3565,0.3662437477525159
3607,0.3661360497013522
2312,0.3659446008047732
2493,0.36585617477707305
2735,0.3658430308862676
2789,0.3656175175213929
1059,0.36553278148413565
917,0.3653455312973186
208,0.3652062624441073
3039,0.3651009267241117
2829,0.3647825556837745
3534,0.36456722357085924
1081,0.3645108794695089
2854,0.364477800226471
3112,0.3644287175417673
3561,0.36432915688040224
2101,0.3643091554596762
433,0.36422814043012386
2748,0.3641857064037047
1342,0.36407809880748543
3608,0.36406850087229803
2749,0.3640005795378374
2706,0.3633984296372162
72,0.363396582777063
2295,0.3633625932276896
3928,0.36330882914342666
2258,0.36324742703223184
3694,0.3631226590090699
3092,0.36308790232620664
2036,0.36305808640137366
1477,0.36303711201219424
53,0.36291965671553844
99,0.3628870030294164
2013,0.3628410313949332
85,0.36275672403331555
3999,0.362735605238724
499,0.36271752217543624
467,0.36271752217543624
2053,0.3626514450304078
1957,0.36262767980644706
1006,0.36255525228408986
2262,0.36250620557469837
1293,0.3624065699436134
1154,0.36236329594260364
2030,0.3623413477173249
762,0.36232006312127457
1498,0.36225860839996904
2185,0.3620408409688032
3504,0.36198563392720606
2838,0.36192538395431767
2885,0.36192538395431767
3531,0.36184332717394235
2893,0.36173126107998343
1180,0.36168418798083624
2820,0.36164623385419137
1007,0.3615927901722792
20,0.36156730101181056
1190,0.3615058255366784
2016,0.3614271939680691
1263,0.3613367129249665
589,0.36120421578728357
2707,0.36099306509101836
2003,0.36085734485546017
3518,0.36060630068271143
1951,0.36033460998216876
2137,0.36020566438561635
765,0.3601358576173575
722,0.35987092745499155
741,0.359773676071223
1234,0.3595089270228437
3523,0.3595087383670326
391,0.35934022230536816
3511,0.35916081479904505
2155,0.3589662401190958
44,0.3587194443779937
3996,0.3586090213587564
530,0.35848208383484487
2045,0.35825070410256094
2075,0.3580059482807553
2119,0.3579679082237418
2063,0.35785281593498164
2737,0.35756433280772143
2755,0.35752465773050046
2163,0.3575093974914142
2028,0.3574802333425797
2167,0.3573737553531719
100,0.357344254555472
69,0.3571103556621591
2014,0.35708641262200824
1090,0.35678189739817107
1264,0.35678189739817107
2794,0.3567583954694803
1141,0.3566633355767262
2750,0.35663663865017625
1139,0.3564804487575862
980,0.3561881391120336
1152,0.3561436543994532
1076,0.35604388475314075
2961,0.355824397676535
962,0.35569068425037065
2833,0.35567338960977457
942,0.355646335853423
3516,0.3555535825235477
3520,0.35538172534445767
1945,0.355177292022438
2891,0.35510759060620706
648,0.355093954387234
867,0.35497403608708394
1033,0.35494650079451956
2147,0.3548226831157663
993,0.3546126695760923
571,0.3545722172214855
705,0.3545641211703367
2846,0.3545232762901047
2773,0.3545076438018466
3175,0.3544028334597157
394,0.35415874775885553
3590,0.3541200532652442
865,0.35398340410460316
1018,0.35396622295696206
1054,0.35375230453539497
440,0.35365038351329603
2043,0.3535608247456327
694,0.3535379843864221
2743,0.3535127632653058
40,0.3535095944157356
1036,0.35345517398960913
1123,0.3534068981594258
3643,0.3533863258725907
2703,0.3533583945886169
963,0.3530649860551767
2010,0.352943458716292
629,0.3529396035313751
1198,0.35292703875323106
584,0.35287124558060357
3688,0.35275129341776174
1181,0.35263499057267556
413,0.352581474511251
442,0.35257799569368015
2730,0.3525301579954547
26,0.352511503521865
992,0.3524896164059316
3519,0.35239469962319186
3541,0.3523546088050318
3567,0.3523546088050318
2085,0.3522796804799939
1117,0.3522557634501835
1968,0.3521707386473754
3571,0.35216288417775593
336,0.35216093194493153
1252,0.35208237791297503
2046,0.352018690866642
3548,0.35200391240261236
3781,0.3519518136302633
702,0.35190272374148535
250,0.35178952327899804
2252,0.35156124552708884
1082,0.35152127569370034
1439,0.3515197463363349
790,0.3513921779716108
3510,0.35127067159068376
2922,0.35125520185364867
2902,0.35125520185364867
2205,0.3512333484681343
1026,0.3511919766648352
3669,0.3510401069667755
2204,0.35103896527769046
2481,0.35103896527769046
91,0.3510096848709641
3408,0.35083568082258
2060,0.35083290215757257
1463,0.35046792610541094
961,0.3504576569679066
2033,0.3503129265156215
3491,0.350222312916183
2970,0.35019464366359737
1130,0.350018964781104
2688,0.3499276552297881
1195,0.3497464601418476
3558,0.3497367295824826
3641,0.3495566401278468
2186,0.3493781094377671
1044,0.34925364557315824
51,0.3490939143728503
2716,0.34909255359742675
3811,0.34906405097898563
1047,0.34899338619160547
578,0.3486754585629709
3474,0.34852899245355456
971,0.34849237741409445
1993,0.34845306913335766
351,0.3482490068694644
1056,0.3482233058974367
1135,0.34821657043095255
2879,0.3480356910173412
2834,0.3480356910173412
2830,0.34796877073712457
984,0.347913439346417
919,0.34784690332279616
2208,0.3478066232676331
1187,0.3478047104994867
2819,0.3477308380050136
164,0.34772520333936807
48,0.3476559481364164
2056,0.34763002922557834
3922,0.3476188946644046
3606,0.3476188946644046
2734,0.34761579258184694
3514,0.34725894202799557
2040,0.3469995165233927
3515,0.34698674638096955
2742,0.3469528511345018
2141,0.3467465161190308
695,0.3466067671605821
1089,0.3465940421147431
2809,0.346575816020369
3466,0.3465581543333909
57,0.3462914112937054
3513,0.34628896922123165
29,0.34625875760758323
2026,0.3461568915437752
1019,0.346155079200646
2380,0.34609033684971535
2708,0.3460514419393403
3631,0.34604422922480665
2753,0.3459601759753755
2166,0.3459150600917424
1017,0.3458814209261292
1061,0.3457144766452082
3524,0.34549800459331637
1092,0.34546414216135024
3587,0.34522650060503685
2975,0.3451123718276143
656,0.34503017168872363
1948,0.3450258350983159
986,0.34494726274820836
598,0.34493659933119414
2067,0.34477082964159883
103,0.3447219245586709
405,0.34463727313235815
1079,0.3445812581425937
361,0.34452387500845066
1935,0.3443324741641274
3671,0.34409307304980563
220,0.3440900546198473
448,0.34407388848067394
3942,0.34399719890332936
1088,0.34391824727041725
131,0.3438476620214175
102,0.3438476620214175
183,0.3438054892663229
416,0.3436698940170114
983,0.343256013193686
2020,0.3431960020040035
369,0.3431580849641103
2005,0.34309428811948994
2694,0.3430176944853368
420,0.34296501727215345
3654,0.34294178369560446
2031,0.34285171098285155
946,0.34273860969219144
3282,0.34263486048952846
152,0.342563591958287
78,0.342563591958287
2082,0.3424722276978013
2055,0.34243694223489646
3552,0.34241838408530845
2689,0.342344636919346
2899,0.3422236510626075
582,0.34217297225269894
129,0.3420326733322606
979,0.3420253363942206
1970,0.3418783187004076
2769,0.34183906036081574
2099,0.3416317612696947
1049,0.34151407320661326
2723,0.34149991877904684
2756,0.3414980129805114
1048,0.3414130181621883
2702,0.3412055399750399
957,0.34117032900674366
1411,0.3409022705062685
862,0.34081555354299536
1983,0.3408135146126406
1985,0.3408004311143201
3485,0.3406565451136914
2751,0.3406326461842563
446,0.3405313598991807
2878,0.3404997430937205
65,0.34030912591459833
997,0.34029751380192486
1414,0.3402908220523402
407,0.340135759633234
1984,0.34008259584461104
139,0.3398405061749369
3125,0.339658770282655
3490,0.3396373763774702
1922,0.3396363431418239
1038,0.3395930296119671
3603,0.3395528532539826
371,0.3395366771195463
3527,0.33945725105857516
2758,0.33943286831331493
2230,0.33942721640613505
3620,0.33938297251730337
2249,0.33938133878147897
931,0.33934584630555337
3578,0.3393040675501347
1354,0.3392928967160449
3986,0.339275409310659
4003,0.339275409310659
25,0.33920737735799056
2219,0.3392026541440068
1042,0.3391635877896939
288,0.33915757451497064
1055,0.33907402419343047
1143,0.3388707877673118
1947,0.33876193598404125
969,0.33869037074747366
2761,0.3385698197899268
720,0.3385087849265225
3532,0.3383212084081568
2057,0.3383183630191372
1112,0.3382486467010395
2729,0.3381564928557414
2802,0.3379910271927825
2704,0.33773884515892405
2740,0.33773884515892405
2791,0.337672117181634
1964,0.33762113345199396
1115,0.33761129254514427
406,0.3374810407078078
2814,0.3374091035674009
954,0.3373974015807742
425,0.33739115372432504
740,0.33731563860259917
2029,0.3372421483510321
1936,0.3372176051130037
2002,0.3372166201513143
107,0.33718880555931063
374,0.33713968794650023
2947,0.33712963211029057
904,0.33702849477323626
3610,0.3369942241207981
3493,0.33688777742960196
2023,0.3368843600618762
367,0.33674269649039196
388,0.33667633301412786
955,0.3366593142109659
785,0.33645481798709204
2739,0.3364397990838935
2158,0.3363812434192288
3464,0.3363480947685568
1164,0.33623209492791184
1959,0.33600534408299754
31,0.335923303794748
1476,0.33587697009929235
375,0.33564882492923587
1955,0.335572539421932
1958,0.3355581532033367
960,0.33533581622037717
701,0.33524194213819186
3499,0.3352029811482959
3959,0.3352029811482959
316,0.33517326065969455
19,0.33517326065969455
1932,0.33507996378256344
3660,0.33506414009649044
3732,0.33506414009649044
1521,0.3349612217638224
939,0.33469966087540143
3094,0.33468917358940437
921,0.3346470558922453
908,0.3346470558922453
2728,0.33455468239404945
3484,0.334525528802293
1103,0.3344524992968698
1994,0.3344310009683255
1028,0.334332676243518
79,0.3343083994112914
2752,0.334056892843934
696,0.3340515817740549
3482,0.33389278799378275
896,0.3337949472980877
703,0.3337022770375439
2935,0.33370167704673737
588,0.3336701415709329
1009,0.3336299976197925
999,0.33358862265285616
2783,0.3335177048432884
1063,0.33339621011950166
112,0.33335207187539856
138,0.33335207187539856
2182,0.3329207057368972
2065,0.3328487891964086
2105,0.33282353010446913
2731,0.33274260232752756
2717,0.33271224147186834
2711,0.3326678228287864
706,0.3323623342574246
359,0.3322455073793144
382,0.3322455073793144
2709,0.3322388833128281
2811,0.3322388833128281
66,0.3321670386569382
368,0.3320623463614959
3481,0.33203555598459994
28,0.3320059758174407
1084,0.33199554076240767
967,0.3319560353483458
1362,0.3318979219552407
3632,0.3318694717411768
1140,0.3318363314800028
1966,0.3316831575908619
1116,0.33158078196640534
1979,0.33142865556279527
3480,0.3312920087159348
981,0.3312702856025725
1034,0.33110047008963556
1971,0.33109982951394473
2701,0.33109909625656697
2096,0.33100039799312825
2900,0.33097112874344004
2692,0.33097112874344004
3805,0.33096319402657287
3475,0.33095657167997583
125,0.33092445134788584
429,0.33079118126322504
3462,0.3307685859191216
3476,0.3307685859191216
2741,0.33075284043417447
3449,0.33073000886819054
1196,0.3306880476934355
3512,0.33066860085319616
1997,0.3304710619439423
3509,0.3301258882548416
990,0.3298571053989122
1150,0.3298571053989122
2705,0.32980849346031066
1941,0.3297971768682437
75,0.3297952473957282
3500,0.3296599871118281
124,0.3296305121857502
228,0.3296305121857502
9,0.3296305121857502
61,0.3296305121857502
155,0.3296305121857502
267,0.3296305121857502
2952,0.32957175872733036
2175,0.32954659553819243
1931,0.3292215948057375
2770,0.32921418182766954
2980,0.3289409051571213
995,0.328815612637134
2683,0.32881052649440035
3597,0.328798621725305
3765,0.32873993969243276
3497,0.32868181169362776
1940,0.32850976573395263
2076,0.32845243667296486
1992,0.32845243667296486
2779,0.3283835613937251
709,0.32815423638563795
991,0.32803044603467885
2697,0.3280130347482012
2767,0.3280130347482012
2699,0.3280130347482012
953,0.32780760310821344
721,0.32765053529691657
2852,0.3275114562529157
1147,0.32749883988413675
1024,0.32748038108217314
384,0.3274540802645734
1978,0.3273611234571292
2698,0.3272919480942573
2690,0.3272345889599804
2765,0.32714575223201664
3574,0.3271339090448855
1986,0.3271128955732998
988,0.32706002026268083
1094,0.3270582436272677
3468,0.32703435835771166
38,0.32700499975072395
22,0.32700499975072395
21,0.3269649540560079
1091,0.32696058040203496
381,0.3267873556386276
380,0.3267873556386276
59,0.32662590597761854
3470,0.32661132922343034
973,0.326492114284799
2130,0.3264887400289878
1920,0.326451889983855
1981,0.3262885069202841
1989,0.3261167476527111
370,0.3260316203528823
586,0.32594896407616936
1068,0.3258787372262169
1151,0.32579311928987503
2895,0.3257486472290334
975,0.32573307296799625
2044,0.3257127545568662
3460,0.3257007056572081
3582,0.3257007056572081
1085,0.32568006494792745
2808,0.32553381993694214
2066,0.3250962837771638
708,0.32501379236152117
1926,0.3249648825361462
96,0.3249240028604223
1239,0.32491856610380465
941,0.3248184946316686
355,0.32478439946565224
2850,0.32477442700706494
1755,0.3247519095331422
1962,0.32467530443139925
2227,0.3246485479007662
3522,0.3245989925567922
3486,0.3245989925567922
3448,0.3245989925567922
1946,0.3243781141762836
1015,0.32434344990566183
1004,0.32433685102695325
947,0.32408172407991886
982,0.324017428288921
575,0.32394394246151464
1927,0.32392693598890826
2816,0.3239132857136696
2801,0.3239132857136696
2710,0.3238717031548669
2726,0.3238717031548669
2676,0.3238080856465541
688,0.32367745219817207
2766,0.3236713093409529
1005,0.32366845194856075
978,0.3236547583249825
1939,0.32343113344743557
2714,0.3233209607454963
972,0.3231426511307599
938,0.32306552123992976
3572,0.32288442407431484
2745,0.3228548071013992
2759,0.32281350798067127
966,0.32266802788940796
965,0.32266647943629884
62,0.3225901734846978
1916,0.32257057811453366
906,0.3225466765793465
2021,0.32253747687891715
3197,0.3224845045348096
2019,0.32247941527211854
1003,0.32246240477378935
55,0.3223175072677679
952,0.3222368814829314
1233,0.322146219051521
1022,0.322146219051521
1417,0.3221283707997501
1203,0.3219938796052466
950,0.3219938796052466
39,0.32192057080794123
392,0.3219096946404415
2747,0.32181057959689413
700,0.32176102300874
2998,0.32138414622232225
2727,0.32129009384993124
3134,0.32129009384993124
927,0.3210058969916356
2669,0.32090639429622514
698,0.3208812510695934
1039,0.32078515007639297
733,0.32077107935448435
2686,0.32074607015472756
77,0.3207069630524652
925,0.3206738428370207
949,0.3206356251879595
2804,0.32061779976010424
2684,0.32061779976010424
390,0.320614252654203
3498,0.3205644266381927
3588,0.3205644266381927
958,0.32056124766120164
903,0.32056124766120164
3006,0.32052161535949464
362,0.32046205912454157
365,0.32046205912454157
3461,0.3203592581746323
3507,0.32027246918295127
723,0.3201968823758833
977,0.32016220585757066
2720,0.31996225283253354
366,0.3199500318269036
574,0.319817664484585
998,0.3197923139785606
710,0.3196908907054566
913,0.3194370079580817
1943,0.31942016475061347
1963,0.3194111803247906
2070,0.31936501490028335
3471,0.3191620213138229
3472,0.31907790758766197
3455,0.31907790758766197
914,0.31897685149400906
1093,0.31897685149400906
1953,0.3188571843048349
1919,0.31881416358937187
2675,0.31865579864081317
940,0.31854898934248116
974,0.31854898934248116
933,0.31853319430143495
715,0.31850763485925293
761,0.31850763485925293
4022,0.31845400271471647
4010,0.31845400271471647
3990,0.31845400271471647
3987,0.31845400271471647
4008,0.31845400271471647
3983,0.31845400271471647
3982,0.31845400271471647
4006,0.31845400271471647
3985,0.31845400271471647
3981,0.31845400271471647
3984,0.31845400271471647
3992,0.31845400271471647
4015,0.31845400271471647
4001,0.31845400271471647
4035,0.31845400271471647
4024,0.31845400271471647
1928,0.31832488364163114
1929,0.31832116709932023
2884,0.3182816235784829
1921,0.31814299722433825
30,0.31809655649769686
1938,0.3179593516124509
1987,0.31795809461605656
729,0.31793114844994014
776,0.31793114844994014
825,0.31793114844994014
1944,0.31786770088244215
945,0.31782125742478023
60,0.31775750841930755
207,0.31775750841930755
63,0.31775750841930755
2798,0.3177219847641797
76,0.31743799536948053
1220,0.3173646336222771
3440,0.3173562226608746
1651,0.3171703189211627
363,0.31705248714927725
385,0.3170032209475935
2768,0.31687663670350025
1952,0.3166377921472662
922,0.3165986466643366
1058,0.3165986466643366
2746,0.31646925330336695
2673,0.31646925330336695
858,0.3163699613496515
891,0.3163699613496515
860,0.3163699613496515
857,0.3163699613496515
892,0.3163699613496515
883,0.3163699613496515
875,0.3163699613496515
859,0.3163699613496515
866,0.3163699613496515
2177,0.3162491436139116
1977,0.3162186713540674
1974,0.3162186713540674
1965,0.3162186713540674
2681,0.3161752527501296
2679,0.3161242561223363
2680,0.3161242561223363
1925,0.316118821424831
1455,0.3160289207227069
2687,0.3159391817064103
2674,0.3159391817064103
2080,0.3155727561144034
638,0.3152989950918635
613,0.3152989950918635
608,0.3152989950918635
607,0.3152989950918635
576,0.3152989950918635
674,0.3152989950918635
624,0.3152989950918635
668,0.3152989950918635
573,0.3152989950918635
577,0.3152989950918635
585,0.3152989950918635
581,0.3152989950918635
602,0.3152989950918635
934,0.31524731012254853
1942,0.3152325704992911
2442,0.3151759826668752
1913,0.3150976414064039
1057,0.31501648796504766
944,0.31501648796504766
964,0.31501648796504766
902,0.31481883358169954
989,0.31481883358169954
994,0.31481883358169954
1918,0.3144379559526866
353,0.3143804705985629
379,0.3141056762699671
360,0.3141056762699671
349,0.3141056762699671
358,0.3141056762699671
372,0.3141056762699671
550,0.3141056762699671
352,0.3141056762699671
386,0.3141056762699671
377,0.3141056762699671
354,0.3141056762699671
447,0.3141056762699671
350,0.3141056762699671
443,0.3141056762699671
357,0.3141056762699671
356,0.3141056762699671
735,0.31379860715801244
699,0.31379860715801244
750,0.31379860715801244
691,0.31379860715801244
749,0.31379860715801244
717,0.31379860715801244
801,0.31379860715801244
692,0.31379860715801244
744,0.31379860715801244
743,0.31379860715801244
707,0.31379860715801244
704,0.31379860715801244
687,0.31379860715801244
689,0.31379860715801244
690,0.31379860715801244
716,0.31379860715801244
693,0.31379860715801244
2718,0.3132225647720073
3230,0.3132225647720073
2696,0.3132225647720073
2672,0.3132225647720073
3183,0.3132225647720073
2662,0.3132225647720073
2860,0.3132225647720073
2722,0.3132225647720073
2788,0.3132225647720073
2857,0.3132225647720073
2774,0.3132225647720073
2963,0.3132225647720073
3031,0.3132225647720073
2855,0.3132225647720073
2667,0.3132225647720073
2663,0.3132225647720073
2715,0.3132225647720073
2685,0.3132225647720073
2805,0.3132225647720073
3268,0.3132225647720073
2799,0.3132225647720073
2664,0.3132225647720073
2886,0.3132225647720073
2661,0.3132225647720073
2671,0.3132225647720073
2926,0.3132225647720073
2666,0.3132225647720073
2691,0.3132225647720073
2733,0.3132225647720073
2842,0.3132225647720073
2933,0.3132225647720073
2712,0.3132225647720073
2732,0.3132225647720073
3071,0.3132225647720073
2668,0.3132225647720073
2700,0.3132225647720073
2713,0.3132225647720073
2665,0.3132225647720073
2682,0.3132225647720073
2736,0.3132225647720073
2847,0.3132225647720073
2670,0.3132225647720073
2695,0.3132225647720073
2776,0.3132225647720073
3653,0.31303100500242453
3853,0.31303100500242453
3575,0.31303100500242453
3539,0.31303100500242453
3447,0.31303100500242453
3717,0.31303100500242453
3438,0.31303100500242453
3458,0.31303100500242453
3798,0.31303100500242453
3442,0.31303100500242453
3544,0.31303100500242453
3589,0.31303100500242453
3875,0.31303100500242453
3492,0.31303100500242453
3619,0.31303100500242453
3483,0.31303100500242453
3465,0.31303100500242453
3935,0.31303100500242453
3502,0.31303100500242453
3729,0.31303100500242453
3450,0.31303100500242453
3489,0.31303100500242453
3446,0.31303100500242453
3650,0.31303100500242453
3974,0.31303100500242453
3457,0.31303100500242453
3856,0.31303100500242453
3879,0.31303100500242453
3445,0.31303100500242453
3444,0.31303100500242453
3746,0.31303100500242453
3441,0.31303100500242453
3463,0.31303100500242453
3801,0.31303100500242453
3479,0.31303100500242453
3854,0.31303100500242453
3820,0.31303100500242453
3439,0.31303100500242453
3473,0.31303100500242453
3478,0.31303100500242453
3459,0.31303100500242453
3467,0.31303100500242453
3537,0.31303100500242453
3709,0.31303100500242453
3451,0.31303100500242453
3452,0.31303100500242453
3733,0.31303100500242453
3477,0.31303100500242453
3748,0.31303100500242453
3704,0.31303100500242453
3494,0.31303100500242453
3560,0.31303100500242453
3443,0.31303100500242453
3570,0.31303100500242453
3453,0.31303100500242453
3503,0.31303100500242453
2079,0.31303022482480186
1933,0.31303022482480186
1930,0.31303022482480186
2008,0.31303022482480186
2051,0.31303022482480186
1969,0.31303022482480186
2106,0.31303022482480186
1960,0.31303022482480186
1961,0.31303022482480186
1982,0.31303022482480186
1914,0.31303022482480186
1923,0.31303022482480186
1934,0.31303022482480186
2100,0.31303022482480186
1937,0.31303022482480186
2596,0.31303022482480186
1956,0.31303022482480186
2470,0.31303022482480186
1950,0.31303022482480186
2048,0.31303022482480186
2034,0.31303022482480186
2178,0.31303022482480186
1915,0.31303022482480186
2195,0.31303022482480186
1996,0.31303022482480186
2269,0.31303022482480186
1924,0.31303022482480186
2483,0.31303022482480186
1917,0.31303022482480186
1949,0.31303022482480186
2569,0.31303022482480186
2457,0.31303022482480186
2094,0.31303022482480186
2382,0.31303022482480186
1,0.31300226676391707
160,0.31300226676391707
4,0.31300226676391707
120,0.31300226676391707
52,0.31300226676391707
305,0.31300226676391707
209,0.31300226676391707
18,0.31300226676391707
86,0.31300226676391707
36,0.31300226676391707
45,0.31300226676391707
210,0.31300226676391707
17,0.31300226676391707
8,0.31300226676391707
244,0.31300226676391707
50,0.31300226676391707
14,0.31300226676391707
215,0.31300226676391707
292,0.31300226676391707
33,0.31300226676391707
23,0.31300226676391707
3,0.31300226676391707
64,0.31300226676391707
27,0.31300226676391707
71,0.31300226676391707
35,0.31300226676391707
90,0.31300226676391707
287,0.31300226676391707
97,0.31300226676391707
24,0.31300226676391707
81,0.31300226676391707
16,0.31300226676391707
10,0.31300226676391707
37,0.31300226676391707
47,0.31300226676391707
7,0.31300226676391707
166,0.31300226676391707
145,0.31300226676391707
6,0.31300226676391707
12,0.31300226676391707
70,0.31300226676391707
335,0.31300226676391707
234,0.31300226676391707
15,0.31300226676391707
153,0.31300226676391707
154,0.31300226676391707
233,0.31300226676391707
11,0.31300226676391707
58,0.31300226676391707
34,0.31300226676391707
74,0.31300226676391707
46,0.31300226676391707
114,0.31300226676391707
5,0.31300226676391707
2,0.31300226676391707
13,0.31300226676391707
68,0.31300226676391707
216,0.31300226676391707
43,0.31300226676391707
49,0.31300226676391707
32,0.31300226676391707
1053,0.3125122143863196
956,0.3125122143863196
1031,0.3125122143863196
959,0.3125122143863196
897,0.3125122143863196
1206,0.3125122143863196
924,0.3125122143863196
937,0.3125122143863196
910,0.3125122143863196
943,0.3125122143863196
911,0.3125122143863196
899,0.3125122143863196
898,0.3125122143863196
970,0.3125122143863196
1395,0.3125122143863196
951,0.3125122143863196
1386,0.3125122143863196
918,0.3125122143863196
1262,0.3125122143863196
1065,0.3125122143863196
1200,0.3125122143863196
1581,0.3125122143863196
1027,0.3125122143863196
901,0.3125122143863196
932,0.3125122143863196
996,0.3125122143863196
1162,0.3125122143863196
916,0.3125122143863196
900,0.3125122143863196
1560,0.3125122143863196
1466,0.3125122143863196
1046,0.3125122143863196
1176,0.3125122143863196
987,0.3125122143863196
1157,0.3125122143863196
935,0.3125122143863196
1050,0.3125122143863196
1834,0.3125122143863196
907,0.3125122143863196
928,0.3125122143863196
909,0.3125122143863196
1276,0.3125122143863196
1430,0.3125122143863196
929,0.3125122143863196
923,0.3125122143863196
1002,0.3125122143863196
985,0.3125122143863196
1270,0.3125122143863196
1145,0.3125122143863196
920,0.3125122143863196
1096,0.3125122143863196
1071,0.3125122143863196
1008,0.3125122143863196
926,0.3125122143863196
1510,0.3125122143863196
1558,0.3125122143863196
1119,0.3125122143863196
686,0.3122374200577238
0,0.3122374200577238
